-- phpMyAdmin SQL Dump
-- version 5.2.1
-- https://www.phpmyadmin.net/
--
-- Host: 127.0.0.1
-- Generation Time: Apr 24, 2025 at 12:25 AM
-- Server version: 10.4.32-MariaDB
-- PHP Version: 8.1.25

SET SQL_MODE = "NO_AUTO_VALUE_ON_ZERO";
START TRANSACTION;
SET time_zone = "+00:00";


/*!40101 SET @OLD_CHARACTER_SET_CLIENT=@@CHARACTER_SET_CLIENT */;
/*!40101 SET @OLD_CHARACTER_SET_RESULTS=@@CHARACTER_SET_RESULTS */;
/*!40101 SET @OLD_COLLATION_CONNECTION=@@COLLATION_CONNECTION */;
/*!40101 SET NAMES utf8mb4 */;

--
-- Database: `sipro2024`
--

-- --------------------------------------------------------

--
-- Table structure for table `m_kegiatan`
--

CREATE TABLE `m_kegiatan` (
  `kdprogram` char(2) DEFAULT NULL,
  `kdgiat` char(7) NOT NULL,
  `nmgiat` varchar(256) NOT NULL,
  `tahun` int(11) DEFAULT NULL
) ENGINE=InnoDB DEFAULT CHARSET=utf8mb4 COLLATE=utf8mb4_general_ci;

--
-- Dumping data for table `m_kegiatan`
--

INSERT INTO `m_kegiatan` (`kdprogram`, `kdgiat`, `nmgiat`, `tahun`) VALUES
('FC', 'FC.7686', 'Pengendalian Lumpur Sidoarjo', 2025),
('FC', 'FC.7687', 'Layanan Kesekretariatan Dewan Sumber Daya Air Nasional (DSDAN)', 2025),
('FC', 'FC.7688', 'Perencanaan, Pemrograman, Penganggaran, dan Evaluasi', 2025),
('FC', 'FC.7689', 'Kepatuhan Internal Direktorat Jenderal Sumber Daya Air', 2025),
('FC', 'FC.7690', 'Layanan Teknis SDA', 2025),
('FC', 'FC.7691', 'Pengembangan Jaringan Irigasi Permukaan, Rawa, dan Non-Padi', 2025),
('FC', 'FC.7692', 'Pengendalian Banjir, Lahar, Pengelolaan Drainase Utama Perkotaan, dan Pengaman Pantai', 2025),
('FC', 'FC.7693', 'Pengembangan Bendungan, Danau, dan Bangunan Penampung Air Lainnya', 2025),
('FC', 'FC.7694', 'Pengembangan Jaringan Air Tanah dan Air Baku', 2025),
('FC', 'FC.7695', 'Operasi dan Pemeliharaan Sarana Prasarana SDA serta Penanggulangan Darurat Akibat Bencana', 2025),
('FC', 'FC.7755', 'Dukungan Manajemen Ditjen Sumber Daya Air', 2025),
('GA', 'GA.7696', 'Pelaksanaan Preservasi dan Peningkatan Kapasitas Jalan Nasional', 2025),
('GA', 'GA.7697', 'Pengaturan, Pengusahaan, dan Pengawasan Jalan Tol', 2025),
('GA', 'GA.7698', 'Pengaturan dan Pembinaan Penyelenggaraan Jalan dan Jembatan', 2025),
('GA', 'GA.7756', 'Dukungan Manajemen Ditjen Bina Marga', 2025),
('IA', 'IA.7714', 'Penyelenggaraan Air Minum yang Aman', 2025),
('IA', 'IA.7715', 'Penyelenggaraan Sanitasi Aman dan Persampahan Terpadu', 2025),
('IA', 'IA.7716', 'Penyelenggaraan Pembinaan Infrastruktur Cipta Karya', 2025),
('IA', 'IA.7772', 'Penyelenggaraan Bangunan Gedung dan Pengembangan Kawasan Strategis​', 2025);

-- --------------------------------------------------------

--
-- Table structure for table `m_kro`
--

CREATE TABLE `m_kro` (
  `kdprogram` char(2) DEFAULT NULL,
  `kdgiat` int(4) DEFAULT NULL,
  `kdkro` char(11) NOT NULL,
  `nmkro` varchar(256) DEFAULT NULL,
  `tahun` int(11) DEFAULT NULL
) ENGINE=InnoDB DEFAULT CHARSET=utf8mb4 COLLATE=utf8mb4_general_ci;

--
-- Dumping data for table `m_kro`
--

INSERT INTO `m_kro` (`kdprogram`, `kdgiat`, `kdkro`, `nmkro`, `tahun`) VALUES
('FC', 7686, 'FC.7686.CBH', 'Prasarana Bidang Penanggulangan Bencana', 2025),
('FC', 7686, 'FC.7686.CBR', 'Dukungan Teknis', 2025),
('FC', 7686, 'FC.7686.CBS', 'Prasarana Jaringan Sumber Daya Air', 2025),
('FC', 7686, 'FC.7686.CDH', 'OP Prasarana Penanggulangan Bencana', 2025),
('FC', 7686, 'FC.7686.CDR', 'OP Prasarana Jaringan Sumber Daya Air', 2025),
('FC', 7686, 'FC.7686.EBD', 'Layanan Manajemen Kinerja Internal', 2025),
('FC', 7687, 'FC.7687.ABF', 'Kebijakan Bidang Sarana dan Prasarana', 2025),
('FC', 7687, 'FC.7687.EBD', 'Layanan Manajemen Kinerja Internal', 2025),
('FC', 7688, 'FC.7688.ABF', 'Kebijakan Bidang Sarana dan Prasarana', 2025),
('FC', 7688, 'FC.7688.CBR', 'Dukungan Teknis', 2025),
('FC', 7688, 'FC.7688.EBD', 'Layanan Manajemen Kinerja Internal', 2025),
('FC', 7689, 'FC.7689.EBD', 'Layanan Manajemen Kinerja Internal', 2025),
('FC', 7690, 'FC.7690.BAH', 'Pelayanan Publik Lainnya', 2025),
('FC', 7690, 'FC.7690.BMA', 'Data dan Informasi Publik', 2025),
('FC', 7690, 'FC.7690.CAN', 'Sarana Bidang Teknologi Informasi dan Komunikasi', 2025),
('FC', 7690, 'FC.7690.CBR', 'Dukungan Teknis', 2025),
('FC', 7690, 'FC.7690.EBC', 'Layanan Manajemen SDM Internal', 2025),
('FC', 7690, 'FC.7690.EBD', 'Layanan Manajemen Kinerja Internal', 2025),
('FC', 7691, 'FC.7691.CBG', 'Prasarana Bidang SDA dan Irigasi', 2025),
('FC', 7691, 'FC.7691.CBR', 'Dukungan Teknis', 2025),
('FC', 7691, 'FC.7691.CBS', 'Prasarana Jaringan Sumber Daya Air', 2025),
('FC', 7691, 'FC.7691.EBD', 'Layanan Manajemen Kinerja Internal', 2025),
('FC', 7691, 'FC.7691.RBS', 'Prasarana Jaringan Sumber Daya Air', 2025),
('FC', 7692, 'FC.7692.CBH', 'Prasarana Bidang Penanggulangan Bencana', 2025),
('FC', 7692, 'FC.7692.CBR', 'Dukungan Teknis', 2025),
('FC', 7692, 'FC.7692.CBS', 'Prasarana Jaringan Sumber Daya Air', 2025),
('FC', 7692, 'FC.7692.EBD', 'Layanan Manajemen Kinerja Internal', 2025),
('FC', 7692, 'FC.7692.RBH', 'Prasarana Bidang Penanggulangan Bencana', 2025),
('FC', 7692, 'FC.7692.RBS', 'Prasarana Jaringan Sumber Daya Air', 2025),
('FC', 7693, 'FC.7693.BAH', 'Pelayanan Publik Lainnya', 2025),
('FC', 7693, 'FC.7693.CBG', 'Prasarana Bidang SDA dan Irigasi', 2025),
('FC', 7693, 'FC.7693.CBR', 'Dukungan Teknis', 2025),
('FC', 7693, 'FC.7693.EBD', 'Layanan Manajemen Kinerja Internal', 2025),
('FC', 7693, 'FC.7693.RBG', 'Prasarana Bidang SDA dan Irigasi', 2025),
('FC', 7694, 'FC.7694.CBG', 'Prasarana Bidang SDA dan Irigasi', 2025),
('FC', 7694, 'FC.7694.CBR', 'Dukungan Teknis', 2025),
('FC', 7694, 'FC.7694.CBS', 'Prasarana Jaringan Sumber Daya Air', 2025),
('FC', 7694, 'FC.7694.EBD', 'Layanan Manajemen Kinerja Internal', 2025),
('FC', 7694, 'FC.7694.RBG', 'Prasarana Bidang SDA dan Irigasi', 2025),
('FC', 7694, 'FC.7694.RBS', 'Prasarana Jaringan Sumber Daya Air', 2025),
('FC', 7695, 'FC.7695.AEA', 'Koordinasi', 2025),
('FC', 7695, 'FC.7695.BAH', 'Pelayanan Publik Lainnya', 2025),
('FC', 7695, 'FC.7695.BDD', 'Fasilitasi dan Pembinaan Kelompok Masyarakat', 2025),
('FC', 7695, 'FC.7695.BHC', 'Operasi Bidang Penanggulangan Bencana', 2025),
('FC', 7695, 'FC.7695.BHD', 'Operasi Pengawasan Sumber Daya Alam', 2025),
('FC', 7695, 'FC.7695.CAP', 'Sarana Bidang Penanggulangan Bencana', 2025),
('FC', 7695, 'FC.7695.CBR', 'Dukungan Teknis', 2025),
('FC', 7695, 'FC.7695.CCM', 'OP Sarana Bidang Penanggulangan Bencana', 2025),
('FC', 7695, 'FC.7695.CDG', 'OP Prasarana Bidang SDA dan Irigasi', 2025),
('FC', 7695, 'FC.7695.CDH', 'OP Prasarana Penanggulangan Bencana', 2025),
('FC', 7695, 'FC.7695.CDR', 'OP Prasarana Jaringan Sumber Daya Air', 2025),
('FC', 7695, 'FC.7695.EBD', 'Layanan Manajemen Kinerja Internal', 2025),
('FC', 7755, 'FC.7755.EBA', 'Layanan Dukungan Manajemen Internal', 2025),
('FC', 7755, 'FC.7755.EBB', 'Layanan Sarana dan Prasarana Internal', 2025),
('FC', 7755, 'FC.7755.EBC', 'Layanan Manajemen SDM Internal', 2025),
('FC', 7755, 'FC.7755.EBD', 'Layanan Manajemen Kinerja Internal', 2025),
('GA', 7696, 'GA.7696.CBC', 'Prasarana Bidang Konektivitas Darat (Jalan)', 2025),
('GA', 7696, 'GA.7696.CBF', 'Prasarana Bidang Konektivitas Darat (Jembatan)', 2025),
('GA', 7696, 'GA.7696.CBR', 'Dukungan Teknis', 2025),
('GA', 7696, 'GA.7696.CDC', 'OM Prasarana Bidang Konektivitas Darat (jalan)', 2025),
('GA', 7696, 'GA.7696.CDF', 'OM Prasarana Bidang Konektivitas Darat (jembatan)', 2025),
('GA', 7696, 'GA.7696.RBC', 'Prasarana Bidang Konektivitas Darat (Jalan)', 2025),
('GA', 7696, 'GA.7696.RBF', 'Prasarana Bidang Konektivitas Darat (Jembatan)', 2025),
('GA', 7696, 'GA.7696.RBR', 'Dukungan Teknis', 2025),
('GA', 7696, 'GA.7696.RDC', 'OM Prasarana Bidang Konektivitas Darat (Jalan)', 2025),
('GA', 7696, 'GA.7696.RDF', 'OM Prasarana Bidang Konektivitas Darat (Jembatan)', 2025),
('GA', 7697, 'GA.7697.ABF', 'Kebijakan Bidang Sarana dan Prasarana', 2025),
('GA', 7698, 'GA.7698.ABF', 'Kebijakan Bidang Sarana dan Prasarana', 2025),
('GA', 7698, 'GA.7698.BEE', 'Bantuan Kebencanaan', 2025),
('GA', 7756, 'GA.7756.EBA', 'Layanan Dukungan Manajemen Internal', 2025),
('GA', 7756, 'GA.7756.EBB', 'Layanan Sarana dan Prasarana Internal', 2025),
('GA', 7756, 'GA.7756.EBD', 'Layanan Manajemen Kinerja Internal', 2025),
('IA', 7714, 'IA.7714.RBB', 'Prasarana Bidang Perumahan dan Permukiman', 2025),
('IA', 7714, 'IA.7714.UBA', 'Fasilitasi dan Pembinaan Pemerintah Daerah', 2025),
('IA', 7715, 'IA.7715.CBB', 'Prasarana Bidang Perumahan dan Permukiman', 2025),
('IA', 7715, 'IA.7715.FBA', 'Fasilitasi dan Pembinaan Pemerintah Daerah', 2025),
('IA', 7715, 'IA.7715.PFA', 'Norma, Standard, Prosedur dan Kriteria', 2025),
('IA', 7715, 'IA.7715.RBB', 'Prasarana Bidang Perumahan dan Permukiman', 2025),
('IA', 7715, 'IA.7715.UBA', 'Fasilitasi dan Pembinaan Pemerintah Daerah', 2025),
('IA', 7716, 'IA.7716.ABF', 'Kebijakan Bidang Sarana dan Prasarana', 2025),
('IA', 7716, 'IA.7716.AEE', 'Kemitraan', 2025),
('IA', 7716, 'IA.7716.AFA', 'Norma, Standard, Prosedur dan Kriteria', 2025),
('IA', 7716, 'IA.7716.BAH', 'Pelayanan Publik Lainnya', 2025),
('IA', 7716, 'IA.7716.BHC', 'Operasi Bidang Pencarian, Pertolongan, dan Penanganan Bencana (operasi)', 2025),
('IA', 7716, 'IA.7716.BMA', 'Data dan Informasi Publik', 2025),
('IA', 7716, 'IA.7716.DCB', 'Pelatihan Bidang Infrastruktur', 2025),
('IA', 7716, 'IA.7716.FAD', 'Perencanaan dan Penganggaran', 2025),
('IA', 7716, 'IA.7716.FAE', 'Pemantauan dan Evaluasi serta Pelaporan', 2025),
('IA', 7716, 'IA.7716.QAH', 'Pelayanan Publik Lainnya', 2025),
('IA', 7716, 'IA.7716.SCB', 'Pelatihan Bidang Infrastruktur', 2025),
('IA', 7716, 'IA.7716.UBA', 'Fasilitasi dan Pembinaan Pemerintah Daerah', 2025),
('IA', 7772, 'IA.7772.ABF', 'Kebijakan Bidang Sarana dan Prasarana', 2025),
('IA', 7772, 'IA.7772.BAH', 'Pelayanan Publik Lainnya', 2025),
('IA', 7772, 'IA.7772.CBB', 'Prasarana Bidang Perumahan dan Permukiman', 2025),
('IA', 7772, 'IA.7772.FBA', 'Fasilitas dan Pembinaan Pemerintah Daerah', 2025),
('IA', 7772, 'IA.7772.RBB', 'Prasarana Bidang Perumahan dan Permukiman', 2025),
('IA', 7772, 'IA.7772.UBA', 'Fasilitasi dan Pembinaan Pemerintah Daerah', 2025);

-- --------------------------------------------------------

--
-- Table structure for table `m_program`
--

CREATE TABLE `m_program` (
  `kdprogram` char(2) NOT NULL,
  `nmprogram` varchar(256) NOT NULL,
  `tahun` int(11) DEFAULT NULL,
  `id_unor` char(2) DEFAULT NULL
) ENGINE=InnoDB DEFAULT CHARSET=utf8mb4 COLLATE=utf8mb4_general_ci;

--
-- Dumping data for table `m_program`
--

INSERT INTO `m_program` (`kdprogram`, `nmprogram`, `tahun`, `id_unor`) VALUES
('FC', 'Program Ketahanan Sumber Daya Air', 2025, '06'),
('GA', 'Program Infrastruktur Konektivitas', 2025, '04'),
('GM', 'Program Prasarana Strategis', 2025, '08'),
('IA', 'Program Perumahan dan Kawasan Permukiman', 2025, '05');

-- --------------------------------------------------------

--
-- Table structure for table `m_ro`
--

CREATE TABLE `m_ro` (
  `kdprogram` char(2) DEFAULT NULL,
  `kdgiat` int(4) DEFAULT NULL,
  `kdkro` char(3) DEFAULT NULL,
  `kdro` char(18) NOT NULL,
  `nmro` varchar(256) NOT NULL,
  `kdsatuan` int(3) DEFAULT NULL,
  `tahun` int(11) DEFAULT NULL
) ENGINE=InnoDB DEFAULT CHARSET=utf8mb4 COLLATE=utf8mb4_general_ci;

--
-- Dumping data for table `m_ro`
--

INSERT INTO `m_ro` (`kdprogram`, `kdgiat`, `kdkro`, `kdro`, `nmro`, `kdsatuan`, `tahun`) VALUES
('FC', 7686, 'CBH', 'FC.7686.CBH.001', 'Prasarana Kawasan Sekitar Tampungan Lumpur Sidoarjo', 26, 2025),
('FC', 7686, 'CBR', 'FC.7686.CBR.001', 'Dokumen Teknis Bidang Pengendalian Lumpur Sidoarjo', 28, 2025),
('FC', 7686, 'CBS', 'FC.7686.CBS.001', 'Tanggul Penahan Lumpur Sidoarjo', 12, 2025),
('FC', 7686, 'CBS', 'FC.7686.CBS.002', 'Jaringan Infrastruktur Pengendali Lumpur Sidoarjo', 12, 2025),
('FC', 7686, 'CDH', 'FC.7686.CDH.001', 'Layanan Operasi dan Pemeliharaan Prasarana Pengendali Lumpur Sidoarjo', 26, 2025),
('FC', 7686, 'CDR', 'FC.7686.CDR.001', 'Layanan Operasi dan Pemeliharaan Prasarana Pengendali Lumpur Sidoarjo', 12, 2025),
('FC', 7686, 'EBD', 'FC.7686.EBD.952', 'Layanan Perencanaan dan Penganggaran', 28, 2025),
('FC', 7686, 'EBD', 'FC.7686.EBD.953', 'Layanan Pemantauan dan Evaluasi', 28, 2025),
('FC', 7686, 'EBD', 'FC.7686.EBD.961', 'Layanan Reformasi Kinerja', 28, 2025),
('FC', 7686, 'EBD', 'FC.7686.EBD.975', 'Layanan Manajemen Kinerja', 28, 2025),
('FC', 7687, 'ABF', 'FC.7687.ABF.001', 'Rekomendasi terhadap Kebijakan Pengelolaan SDA Nasional', 29, 2025),
('FC', 7687, 'EBD', 'FC.7687.EBD.952', 'Layanan Perencanaan dan Penganggaran', 28, 2025),
('FC', 7687, 'EBD', 'FC.7687.EBD.961', 'Layanan Reformasi Kinerja', 28, 2025),
('FC', 7687, 'EBD', 'FC.7687.EBD.975', 'Layanan Manajemen Kinerja', 28, 2025),
('FC', 7688, 'ABF', 'FC.7688.ABF.001', 'Rekomendasi Kebijakan Pelaksanaan Upaya Pengelolaan SDA WS Kewenangan Pusat', 29, 2025),
('FC', 7688, 'ABF', 'FC.7688.ABF.002', 'Pola dan Rencana Pengelolaan Sumber Daya Air Wilayah Sungai', 29, 2025),
('FC', 7688, 'CBR', 'FC.7688.CBR.001', 'Bidang Tanah untuk Infrastruktur Sumber Daya Air', 28, 2025),
('FC', 7688, 'CBR', 'FC.7688.CBR.002', 'Fasilitasi Unit Manajemen atau Pelaksanaan Proyek (PMU/PIU)', 28, 2025),
('FC', 7688, 'EBD', 'FC.7688.EBD.952', 'Layanan Perencanaan dan Penganggaran', 28, 2025),
('FC', 7688, 'EBD', 'FC.7688.EBD.953', 'Layanan Pemantauan dan Evaluasi', 28, 2025),
('FC', 7688, 'EBD', 'FC.7688.EBD.961', 'Layanan Reformasi Kinerja', 28, 2025),
('FC', 7688, 'EBD', 'FC.7688.EBD.975', 'Layanan Manajemen Kinerja', 28, 2025),
('FC', 7689, 'EBD', 'FC.7689.EBD.952', 'Layanan Perencanaan dan Penganggaran', 28, 2025),
('FC', 7689, 'EBD', 'FC.7689.EBD.961', 'Layanan Reformasi Kinerja', 28, 2025),
('FC', 7689, 'EBD', 'FC.7689.EBD.975', 'Layanan Manajemen Kinerja', 28, 2025),
('FC', 7690, 'BAH', 'FC.7690.BAH.001', 'Layanan Teknis Sumber Daya Air', 30, 2025),
('FC', 7690, 'BAH', 'FC.7690.BAH.002', 'Layanan Unit Kaji Cepat', 30, 2025),
('FC', 7690, 'BMA', 'FC.7690.BMA.001', 'Sistem Informasi SDA', 28, 2025),
('FC', 7690, 'BMA', 'FC.7690.BMA.002', 'Sistem Informasi Hidrologi dan Kualitas Air', 28, 2025),
('FC', 7690, 'CAN', 'FC.7690.CAN.001', 'Sistem Data dan Informasi SDA', 26, 2025),
('FC', 7690, 'CAN', 'FC.7690.CAN.002', 'Pos Hidrologi', 26, 2025),
('FC', 7690, 'CBR', 'FC.7690.CBR.002', 'Dokumen Pengembangan dan Perekayasaan Balai Teknik/Balai', 28, 2025),
('FC', 7690, 'CBR', 'FC.7690.CBR.005', 'Dokumen Perhitungan Indeks Ketahanan Air  Wilayah Sungai', 28, 2025),
('FC', 7690, 'CBR', 'FC.7690.CBR.006', 'Dokumen Neraca Air Wilayah Sungai', 28, 2025),
('FC', 7690, 'CBR', 'FC.7690.CBR.007', 'Fasilitasi Unit Manajemen atau Pelaksanaan Proyek (PMU/PIU)', 28, 2025),
('FC', 7690, 'CBR', 'FC.7690.CBR.008', 'Dokumen Perhitungan Indeks Ketahanan Air Nasional', 28, 2025),
('FC', 7690, 'CBR', 'FC.7690.CBR.009', 'Dokumen Neraca Air Nasional', 28, 2025),
('FC', 7690, 'EBC', 'FC.7690.EBC.954', 'Layanan Manajemen SDM', 30, 2025),
('FC', 7690, 'EBD', 'FC.7690.EBD.952', 'Layanan Perencanaan dan Penganggaran', 28, 2025),
('FC', 7690, 'EBD', 'FC.7690.EBD.955', 'Layanan Manajemen Keuangan', 28, 2025),
('FC', 7690, 'EBD', 'FC.7690.EBD.961', 'Layanan Reformasi Kinerja', 28, 2025),
('FC', 7690, 'EBD', 'FC.7690.EBD.975', 'Layanan Manajemen Kinerja', 28, 2025),
('FC', 7691, 'CBG', 'FC.7691.CBG.001', 'Bendung Irigasi', 26, 2025),
('FC', 7691, 'CBG', 'FC.7691.CBG.002', 'Bangunan Air Irigasi', 26, 2025),
('FC', 7691, 'CBR', 'FC.7691.CBR.001', 'Dokumen Teknis Bidang Irigasi dan Rawa', 28, 2025),
('FC', 7691, 'CBR', 'FC.7691.CBR.002', 'Fasilitasi Unit Manajemen atau Pelaksanaan Proyek (PMU/PIU)', 28, 2025),
('FC', 7691, 'CBR', 'FC.7691.CBR.003', 'Unit Desain', 28, 2025),
('FC', 7691, 'CBS', 'FC.7691.CBS.001', 'Jaringan Irigasi untuk Komoditas Non Padi dan Tambak', 12, 2025),
('FC', 7691, 'CBS', 'FC.7691.CBS.002', 'Jaringan Irigasi di Sentra Produksi Lumbung Pangan', 12, 2025),
('FC', 7691, 'EBD', 'FC.7691.EBD.952', 'Layanan Perencanaan dan Penganggaran', 28, 2025),
('FC', 7691, 'EBD', 'FC.7691.EBD.953', 'Layanan Pemantauan dan Evaluasi', 28, 2025),
('FC', 7691, 'EBD', 'FC.7691.EBD.961', 'Layanan Reformasi Kinerja', 28, 2025),
('FC', 7691, 'EBD', 'FC.7691.EBD.975', 'Layanan Manajemen Kinerja', 28, 2025),
('FC', 7691, 'RBS', 'FC.7691.RBS.001', 'Jaringan Irigasi Waduk', 12, 2025),
('FC', 7691, 'RBS', 'FC.7691.RBS.002', 'Jaringan Irigasi di Kawasan Sentra Produksi Pangan (KSPP) Sumatera Utara', 12, 2025),
('FC', 7691, 'RBS', 'FC.7691.RBS.003', 'Jaringan Irigasi di Lokasi Optimasi Lahan Kementerian Pertanian', 12, 2025),
('FC', 7691, 'RBS', 'FC.7691.RBS.004', 'Jaringan Irigasi di Sentra Produksi Lumbung Pangan', 12, 2025),
('FC', 7691, 'RBS', 'FC.7691.RBS.005', 'Jaringan Irigasi di Lokasi INPRES 2/2025', 12, 2025),
('FC', 7691, 'RBS', 'FC.7691.RBS.006', 'Jaringan Irigasi di Kawasan Sentra Produksi Pangan (KSPP) Sumatera Selatan', 12, 2025),
('FC', 7691, 'RBS', 'FC.7691.RBS.007', 'Jaringan Irigasi di Kawasan Sentra Produksi Pangan (KSPP) Kalimantan Tengah', 12, 2025),
('FC', 7691, 'RBS', 'FC.7691.RBS.008', 'Jaringan Irigasi di Kawasan Sentra Produksi Pangan (KSPP) Nusa Tenggara Timur', 12, 2025),
('FC', 7691, 'RBS', 'FC.7691.RBS.009', 'Jaringan Irigasi di Kawasan Sentra Produksi Pangan (KSPP) Papua', 12, 2025),
('FC', 7691, 'RBS', 'FC.7691.RBS.010', 'Jaringan Irigasi di Kawasan Sentra Produksi Pangan (KSPP) Papua Selatan', 12, 2025),
('FC', 7691, 'RBS', 'FC.7691.RBS.501', 'Jaringan Irigasi DI Rentang (RIMP) ', 12, 2025),
('FC', 7691, 'RBS', 'FC.7691.RBS.502', 'Jaringan Irigasi DI Komering (KIP)', 12, 2025),
('FC', 7691, 'RBS', 'FC.7691.RBS.503', 'Jaringan Irigasi Wilayah Barat Indonesia (URSIP)', 12, 2025),
('FC', 7691, 'RBS', 'FC.7691.RBS.504', 'Jaringan Irigasi Wilayah Sulawesi Tengah (IRSL)', 12, 2025),
('FC', 7691, 'RBS', 'FC.7691.RBS.505', 'Jaringan Irigasi Strategis (SIMURP)', 12, 2025),
('FC', 7691, 'RBS', 'FC.7691.RBS.506', 'Jaringan Irigasi Strategis (RBIP)', 12, 2025),
('FC', 7691, 'RBS', 'FC.7691.RBS.507', 'Jaringan Irigasi Strategis (DRIP)', 12, 2025),
('FC', 7691, 'RBS', 'FC.7691.RBS.508', 'Jaringan Irigasi Adaptif Iklim (CAIP)', 12, 2025),
('FC', 7691, 'RBS', 'FC.7691.RBS.701', 'Jaringan Irigasi Daerah Irigasi Cisadane', 12, 2025),
('FC', 7691, 'RBS', 'FC.7691.RBS.704', 'Jaringan Irigasi Daerah Irigasi Baro Raya', 12, 2025),
('FC', 7691, 'RBS', 'FC.7691.RBS.706', 'Jaringan Irigasi Daerah Irigasi Batang Sinamar ', 12, 2025),
('FC', 7691, 'RBS', 'FC.7691.RBS.708', 'Jaringan Irigasi Daerah Irigasi Batang Asai (Tahap II)', 12, 2025),
('FC', 7691, 'RBS', 'FC.7691.RBS.709', 'Jaringan Irigasi Daerah Irigasi Air Seluma', 12, 2025),
('FC', 7691, 'RBS', 'FC.7691.RBS.710', 'Jaringan Irigasi Daerah Irigasi Way Sekampung', 12, 2025),
('FC', 7691, 'RBS', 'FC.7691.RBS.712', 'Jaringan Irigasi Daerah Irigasi Jragung (Tahap II)', 12, 2025),
('FC', 7691, 'RBS', 'FC.7691.RBS.714', 'Jaringan Irigasi Daerah Irigasi Glapan (Tahap II)', 12, 2025),
('FC', 7691, 'RBS', 'FC.7691.RBS.716', 'Jaringan Irigasi Daerah Irigasi Pacal', 12, 2025),
('FC', 7692, 'CBH', 'FC.7692.CBH.001', 'Prasarana Pengendali Lahar/Sedimen', 26, 2025),
('FC', 7692, 'CBH', 'FC.7692.CBH.002', 'Prasarana Pengendalian Banjir di Kawasan Strategis Ekonomi, Kawasan Perkotaan, 3T, dan Daerah Berisiko Tinggi dari Daya Rusak Air', 26, 2025),
('FC', 7692, 'CBH', 'FC.7692.CBH.211', 'Bangunan Pendukung Pengendali Banjir IKN yang Dibangun/Ditingkatkan', 26, 2025),
('FC', 7692, 'CBR', 'FC.7692.CBR.001', 'Dokumen Teknis Bidang Sungai dan Pantai', 28, 2025),
('FC', 7692, 'CBR', 'FC.7692.CBR.002', 'Fasilitasi Unit Manajemen atau Pelaksanaan Proyek (PMU/PIU)', 28, 2025),
('FC', 7692, 'CBR', 'FC.7692.CBR.003', 'Unit Desain', 28, 2025),
('FC', 7692, 'CBS', 'FC.7692.CBS.001', 'Prasarana Pengendalian Banjir di Kawasan Strategis Ekonomi, Kawasan Perkotaan, 3T, dan Daerah Berisiko Tinggi dari Daya Rusak Air', 12, 2025),
('FC', 7692, 'CBS', 'FC.7692.CBS.002', 'Prasarana Perlindungan Abrasi Kawasan Pesisir Perkotaan, Strategis Ekonomi, dan Kawasan Berisiko Abrasi Tinggi', 12, 2025),
('FC', 7692, 'CBS', 'FC.7692.CBS.003', 'Prasarana Perlindungan Pantai Kawasan 3T', 12, 2025),
('FC', 7692, 'EBD', 'FC.7692.EBD.952', 'Layanan Perencanaan dan Penganggaran', 28, 2025),
('FC', 7692, 'EBD', 'FC.7692.EBD.953', 'Layanan Pemantauan dan Evaluasi', 28, 2025),
('FC', 7692, 'EBD', 'FC.7692.EBD.961', 'Layanan Reformasi Kinerja', 28, 2025),
('FC', 7692, 'EBD', 'FC.7692.EBD.975', 'Layanan Manajemen Kinerja', 28, 2025),
('FC', 7692, 'RBH', 'FC.7692.RBH.001', 'Prasarana Pengendalian Banjir di Kawasan Metropolitan Strategis', 26, 2025),
('FC', 7692, 'RBH', 'FC.7692.RBH.002', 'Bangunan Pendukung Pengendali Banjir IKN', 26, 2025),
('FC', 7692, 'RBH', 'FC.7692.RBH.003', 'Prasarana Pengendali Risiko Daya Rusak Air di Perkotaan Pesisir Utara Jawa', 26, 2025),
('FC', 7692, 'RBH', 'FC.7692.RBH.004', 'Prasarana Pengendalian Lahar/Sedimen di Kawasan Strategis Ekonomi, Kawasan Perkotaan, 3T, dan Daerah Berisiko Tinggi', 26, 2025),
('FC', 7692, 'RBH', 'FC.7692.RBH.005', 'Prasarana Pengendalian Banjir di Kawasan Strategis Ekonomi, Kawasan Perkotaan, 3T, dan Daerah Berisiko Tinggi dari Daya Rusak Air', 26, 2025),
('FC', 7692, 'RBH', 'FC.7692.RBH.501', 'Prasarana Pengendali Lahar/Sedimen (Volcanic DRR)', 26, 2025),
('FC', 7692, 'RBH', 'FC.7692.RBH.502', 'Prasarana Pengendalian Banjir di Kawasan Metropolitan Strategis (NUFREP)', 26, 2025),
('FC', 7692, 'RBH', 'FC.7692.RBH.701', 'Pembangunan Groundsill Sungai Cipamingkis (Tahap III)', 26, 2025),
('FC', 7692, 'RBH', 'FC.7692.RBH.702', 'Pembangunan Groundsill Sungai Srandakan', 26, 2025),
('FC', 7692, 'RBH', 'FC.7692.RBH.704', 'Pembangunan Pengendalian Banjir di Kabupaten Seram Bagian Barat (Tahap II) ', 26, 2025),
('FC', 7692, 'RBS', 'FC.7692.RBS.001', 'Prasarana Pengendalian Banjir di Kawasan Metropolitan Strategis', 12, 2025),
('FC', 7692, 'RBS', 'FC.7692.RBS.002', 'Prasarana Jaringan Pengendali Risiko Daya Rusak Air di Perkotaan Pesisir Utara Jawa', 12, 2025),
('FC', 7692, 'RBS', 'FC.7692.RBS.003', 'Prasarana Pengendalian Banjir di Kawasan Strategis Ekonomi, Kawasan Perkotaan, 3T, dan Daerah Berisiko Tinggi dari Daya Rusak Air', 12, 2025),
('FC', 7692, 'RBS', 'FC.7692.RBS.004', 'Prasarana Perlindungan Abrasi Kawasan Pesisir Perkotaan, Strategis Ekonomi, 3T, dan Kawasan Berisiko Abrasi Tinggi', 12, 2025),
('FC', 7692, 'RBS', 'FC.7692.RBS.036', 'Prasarana Pengendali Banjir Kali Bekasi', 12, 2025),
('FC', 7692, 'RBS', 'FC.7692.RBS.501', 'Prasarana Pengaman Pantai Bali (BBCP)', 12, 2025),
('FC', 7692, 'RBS', 'FC.7692.RBS.502', 'Prasarana Perlindungan Daya Rusak Air di Sulawesi Tengah (IRSL)', 12, 2025),
('FC', 7692, 'RBS', 'FC.7692.RBS.503', 'Prasarana Pengendalian Banjir di Kawasan Metropolitan Strategis (UFCS)', 12, 2025),
('FC', 7692, 'RBS', 'FC.7692.RBS.504', 'Prasarana Pengendalian Banjir di Kawasan Metropolitan Strategis (NUFReP)', 12, 2025),
('FC', 7692, 'RBS', 'FC.7692.RBS.505', 'Prasarana Perlindungan Kawasan Pantai Utara Jawa dari Daya Rusak Air (FMNJP)        ', 12, 2025),
('FC', 7692, 'RBS', 'FC.7692.RBS.701', 'Prasarana Pengaman Pantai Pulau Terluar di Provinsi Kepulauan Riau (Tahap IV) ', 12, 2025),
('FC', 7692, 'RBS', 'FC.7692.RBS.702', 'Prasarana Pengendalian Banjir Air Bengkulu', 12, 2025),
('FC', 7692, 'RBS', 'FC.7692.RBS.704', 'Prasarana Pengaman Pantai Congot Kabupaten Kulonprogo', 12, 2025),
('FC', 7692, 'RBS', 'FC.7692.RBS.705', 'Prasarana Pengaman Pantai di 3 (Tiga) Gili Kabupaten Lombok Utara', 12, 2025),
('FC', 7692, 'RBS', 'FC.7692.RBS.708', 'Prasarana Pengendalian Banjir Batang Suliti (Tahap II)', 12, 2025),
('FC', 7692, 'RBS', 'FC.7692.RBS.709', 'Prasarana Pengendalian Banjir Batang Agam di Kota Payakumbuh (Tahap II)', 12, 2025),
('FC', 7692, 'RBS', 'FC.7692.RBS.710', 'Prasarana Pengendalian Banjir Batang Lembang (Tahap II)', 12, 2025),
('FC', 7692, 'RBS', 'FC.7692.RBS.711', 'Prasarana Pengendalian Banjir Kabupaten Dharmasraya (Tahap II)', 12, 2025),
('FC', 7692, 'RBS', 'FC.7692.RBS.714', 'Prasarana Pengaman Pantai di Kabupaten Kaur (Tahap II)', 12, 2025),
('FC', 7692, 'RBS', 'FC.7692.RBS.721', 'Prasarana Pengamanan Pantai Bojongsalawe (Tahap IV)', 12, 2025),
('FC', 7692, 'RBS', 'FC.7692.RBS.728', 'Prasarana Pengaman Pantai AURI Kota Balikpapan', 12, 2025),
('FC', 7692, 'RBS', 'FC.7692.RBS.730', 'Prasarana Pengaman Pantai Amurang Kabupaten Minahasa (Tahap II) ', 12, 2025),
('FC', 7692, 'RBS', 'FC.7692.RBS.731', 'Prasarana Pengaman Pantai Kabupaten Bolaang Mongondow Utara', 12, 2025),
('FC', 7692, 'RBS', 'FC.7692.RBS.732', 'Prasarana Pengendalian Banjir Sungai Bolango (Tahap II) ', 12, 2025),
('FC', 7692, 'RBS', 'FC.7692.RBS.734', 'Prasarana Pengendalian Banjir Sungai Lumu di Kabupaten Mamuju Tengah', 12, 2025),
('FC', 7692, 'RBS', 'FC.7692.RBS.736', 'Prasarana Pengendalian Banjir Sungai Kalukku Kabupaten Mamuju ', 12, 2025),
('FC', 7693, 'BAH', 'FC.7693.BAH.001', 'Layanan Teknis Bidang Bendungan', 30, 2025),
('FC', 7693, 'CBG', 'FC.7693.CBG.001', 'Bendungan untuk Swasembada Air, Pangan, dan Energi', 26, 2025),
('FC', 7693, 'CBG', 'FC.7693.CBG.002', 'Danau, Situ, dan Tampungan Air Alami        ', 26, 2025),
('FC', 7693, 'CBG', 'FC.7693.CBG.219', 'Bendungan Riam Kiwa', 26, 2025),
('FC', 7693, 'CBR', 'FC.7693.CBR.001', 'Dokumen Teknis Bidang Bendungan dan Danau', 28, 2025),
('FC', 7693, 'CBR', 'FC.7693.CBR.002', 'Fasilitasi Unit Manajemen atau Pelaksanaan Proyek (PMU/PIU)', 28, 2025),
('FC', 7693, 'CBR', 'FC.7693.CBR.003', 'Unit Desain', 28, 2025),
('FC', 7693, 'EBD', 'FC.7693.EBD.952', 'Layanan Perencanaan dan Penganggaran', 28, 2025),
('FC', 7693, 'EBD', 'FC.7693.EBD.953', 'Layanan Pemantauan dan Evaluasi', 28, 2025),
('FC', 7693, 'EBD', 'FC.7693.EBD.961', 'Layanan Reformasi Kinerja', 28, 2025),
('FC', 7693, 'EBD', 'FC.7693.EBD.975', 'Layanan Manajemen Kinerja', 28, 2025),
('FC', 7693, 'RBG', 'FC.7693.RBG.004', 'Bendungan Cibeet', 26, 2025),
('FC', 7693, 'RBG', 'FC.7693.RBG.005', 'Bendungan Cijurey', 26, 2025),
('FC', 7693, 'RBG', 'FC.7693.RBG.006', 'Bendungan Kedunglanggar', 26, 2025),
('FC', 7693, 'RBG', 'FC.7693.RBG.007', 'Bendungan Mbay', 26, 2025),
('FC', 7693, 'RBG', 'FC.7693.RBG.009', 'Bendungan Jenelata', 26, 2025),
('FC', 7693, 'RBG', 'FC.7693.RBG.013', 'Bangunan Pengarah Bendungan Rukoh', 26, 2025),
('FC', 7693, 'RBG', 'FC.7693.RBG.015', 'Bendungan Tiga Dihaji', 26, 2025),
('FC', 7693, 'RBG', 'FC.7693.RBG.028', 'Bendungan Jragung', 26, 2025),
('FC', 7693, 'RBG', 'FC.7693.RBG.029', 'Bendungan Bener', 26, 2025),
('FC', 7693, 'RBG', 'FC.7693.RBG.035', 'Bendungan Bagong', 26, 2025),
('FC', 7693, 'RBG', 'FC.7693.RBG.045', 'Bendungan Manikin', 26, 2025),
('FC', 7693, 'RBG', 'FC.7693.RBG.050', 'Bendungan Bulango Ulu', 26, 2025),
('FC', 7693, 'RBG', 'FC.7693.RBG.051', 'Bendungan Budong-Budong', 26, 2025),
('FC', 7693, 'RBG', 'FC.7693.RBG.056', 'Bendungan Way Apu', 26, 2025),
('FC', 7693, 'RBG', 'FC.7693.RBG.068', 'Bendungan Cabean', 26, 2025),
('FC', 7693, 'RBG', 'FC.7693.RBG.077', 'Bendungan Karangnongko', 26, 2025),
('FC', 7693, 'RBG', 'FC.7693.RBG.501', 'Bendungan Karian', 26, 2025),
('FC', 7693, 'RBG', 'FC.7693.RBG.502', 'Bendungan Pelosika', 26, 2025),
('FC', 7693, 'RBG', 'FC.7693.RBG.701', 'Situ Konservasi di Bayangkara Park Polda Bangka Belitung', 26, 2025),
('FC', 7694, 'CBG', 'FC.7694.CBG.001', 'Embung dan Tampungan Air Lainnya pada Kawasan Metropolitan, Kawasan Perkotaan dan Kawasan Strategis', 26, 2025),
('FC', 7694, 'CBG', 'FC.7694.CBG.002', 'Embung dan Tampungan Air Lainnya pada Kawasan Sulit Air, Bencana Kekeringan, dan Terpencil (3T)', 26, 2025),
('FC', 7694, 'CBG', 'FC.7694.CBG.003', 'Embung dan Tampungan Air Lainnya untuk Swasembada Pangan dan Swasembada Air', 26, 2025),
('FC', 7694, 'CBG', 'FC.7694.CBG.004', 'Sumur Air Tanah pada Kawasan Metropolitan, Kawasan Perkotaan, dan Kawasan Strategis', 26, 2025),
('FC', 7694, 'CBG', 'FC.7694.CBG.005', 'Sumur Air Tanah pada Kawasan Sulit Air, Bencana Kekeringan, dan Terpencil (3T)', 26, 2025),
('FC', 7694, 'CBR', 'FC.7694.CBR.001', 'Dukungan Teknis Bidang Air Tanah dan Air Baku', 28, 2025),
('FC', 7694, 'CBR', 'FC.7694.CBR.002', 'Fasilitasi Unit Manajemen atau Pelaksanaan Proyek (PMU/PIU)', 28, 2025),
('FC', 7694, 'CBR', 'FC.7694.CBR.003', 'Unit Desain', 28, 2025),
('FC', 7694, 'CBS', 'FC.7694.CBS.001', 'Prasarana Air Baku Kawasan Metropolitan, Kawasan Perkotaan, dan Kawasan Strategis', 12, 2025),
('FC', 7694, 'CBS', 'FC.7694.CBS.002', 'Prasarana Air Baku Kawasan Sulit Air, Bencana Kekeringan, dan Kawasan Terpencil (3T)', 12, 2025),
('FC', 7694, 'CBS', 'FC.7694.CBS.003', 'JIAT untuk Mendukung Swasembada Pangan', 12, 2025),
('FC', 7694, 'CBS', 'FC.7694.CBS.004', 'JIAT untuk Mendukung Kawasan Sentra Produksi Pangan ', 12, 2025),
('FC', 7694, 'EBD', 'FC.7694.EBD.952', 'Layanan Perencanaan dan Penganggaran', 28, 2025),
('FC', 7694, 'EBD', 'FC.7694.EBD.953', 'Layanan Pemantauan dan Evaluasi', 28, 2025),
('FC', 7694, 'EBD', 'FC.7694.EBD.961', 'Layanan Reformasi Kinerja', 28, 2025),
('FC', 7694, 'EBD', 'FC.7694.EBD.975', 'Layanan Manajemen Kinerja', 28, 2025),
('FC', 7694, 'RBG', 'FC.7694.RBG.001', 'Embung dan Tampungan Air Lainnya pada Kawasan IKN', 26, 2025),
('FC', 7694, 'RBG', 'FC.7694.RBG.002', 'Embung dan Tampungan Air Lainnya pada Kawasan Metropolitan, Kawasan Perkotaan dan Kawasan Strategis', 26, 2025),
('FC', 7694, 'RBS', 'FC.7694.RBS.001', 'Prasarana Penyediaan Air Baku Bersumber dari Bendungan', 12, 2025),
('FC', 7694, 'RBS', 'FC.7694.RBS.003', 'Prasarana Air Baku IKN', 12, 2025),
('FC', 7694, 'RBS', 'FC.7694.RBS.004', 'Jaringan Irigasi Air Tanah di Kawasan Sentra Produksi Pangan', 12, 2025),
('FC', 7694, 'RBS', 'FC.7694.RBS.005', 'Jaringan Air Baku di Perkotaan Pesisir Utara Jawa', 12, 2025),
('FC', 7694, 'RBS', 'FC.7694.RBS.006', 'Jaringan Irigasi Air Tanah untuk Komoditas Non Padi dan Ternak', 12, 2025),
('FC', 7694, 'RBS', 'FC.7694.RBS.007', 'Prasarana Air Baku Kawasan Metropolitan, Kawasan Perkotaan, dan Kawasan Strategis', 12, 2025),
('FC', 7694, 'RBS', 'FC.7694.RBS.501', 'Prasarana Air Baku Karian Serpong (KSCS)', 12, 2025),
('FC', 7694, 'RBS', 'FC.7694.RBS.701', 'Prasarana Air Baku Karian Serpong', 12, 2025),
('FC', 7694, 'RBS', 'FC.7694.RBS.703', 'Prasarana Air Baku Lobener Kabupaten Indramayu', 12, 2025),
('FC', 7694, 'RBS', 'FC.7694.RBS.705', 'Prasarana Air Baku Kotawaringin Barat', 12, 2025),
('FC', 7695, 'AEA', 'FC.7695.AEA.001', 'Koordinasi TKPSDA WS Kewenangan Pusat dan Lembaga Lainnya', 11, 2025),
('FC', 7695, 'BAH', 'FC.7695.BAH.001', 'Layanan Perizinan Pengusahaan Sumber Daya Air', 30, 2025),
('FC', 7695, 'BAH', 'FC.7695.BAH.002', 'Layanan Biaya Jasa Pengelolaan Sumber Daya Air (BJPSDA)', 30, 2025),
('FC', 7695, 'BAH', 'FC.7695.BAH.003', 'Layanan Pemantauan Sumber Daya Air', 30, 2025),
('FC', 7695, 'BDD', 'FC.7695.BDD.001', 'Fasilitasi dan Pembinaan Kelompok Masyarakat Peduli Sungai', 31, 2025),
('FC', 7695, 'BDD', 'FC.7695.BDD.002', 'Fasilitasi dan Pembinaan Kelompok Masyarakat Peduli Tampungan Air', 31, 2025),
('FC', 7695, 'BDD', 'FC.7695.BDD.003', 'Fasilitasi Gerakan Nasional Kemitraan Penyelamatan Air (GNKPA)', 31, 2025),
('FC', 7695, 'BHC', 'FC.7695.BHC.001', 'Operasi Tanggap Darurat Bencana', 32, 2025),
('FC', 7695, 'BHC', 'FC.7695.BHC.002', 'Operasi Monitoring Bencana', 32, 2025),
('FC', 7695, 'BHC', 'FC.7695.BHC.003', 'Operasi Penyediaan Bahan Persediaan Bencana', 32, 2025),
('FC', 7695, 'BHC', 'FC.7695.BHC.004', 'Operasi Modifikasi Cuaca', 32, 2025),
('FC', 7695, 'BHC', 'FC.7695.BHC.005', 'Operasi Tanggap Darurat Bencana UPT', 32, 2025),
('FC', 7695, 'BHD', 'FC.7695.BHD.001', 'Operasi Unit Pengelola Bendungan', 32, 2025),
('FC', 7695, 'BHD', 'FC.7695.BHD.002', 'Operasi Unit Pengelola Irigasi', 32, 2025),
('FC', 7695, 'CAP', 'FC.7695.CAP.001', 'Alat Berat Operasi dan Pemeliharaan Bidang Sumber Daya Air', 26, 2025),
('FC', 7695, 'CBR', 'FC.7695.CBR.001', 'Dokumen Rekomendasi Teknis Perizinan', 28, 2025),
('FC', 7695, 'CBR', 'FC.7695.CBR.002', 'Dokumen RBO Benchmarking', 28, 2025),
('FC', 7695, 'CBR', 'FC.7695.CBR.003', 'Dokumen Alokasi air', 28, 2025),
('FC', 7695, 'CBR', 'FC.7695.CBR.004', 'Dokumen Perhitungan Pasokan Air untuk Irigasi', 28, 2025),
('FC', 7695, 'CBR', 'FC.7695.CBR.006', 'Dokumen Teknis Bidang OP', 28, 2025),
('FC', 7695, 'CBR', 'FC.7695.CBR.007', 'Fasilitasi Unit Manajemen atau Pelaksanaan Proyek (PMU/PIU)', 28, 2025),
('FC', 7695, 'CCM', 'FC.7695.CCM.001', 'Layanan Operasi dan Pemeliharaan Sarana Alat Berat', 26, 2025),
('FC', 7695, 'CDG', 'FC.7695.CDG.001', 'Layanan Operasi dan Pemeliharaan Bendungan', 26, 2025),
('FC', 7695, 'CDG', 'FC.7695.CDG.002', 'Layanan Operasi dan Pemeliharaan Embung dan Mata Air', 26, 2025),
('FC', 7695, 'CDG', 'FC.7695.CDG.004', 'Layanan Pemeliharaan Danau', 26, 2025),
('FC', 7695, 'CDG', 'FC.7695.CDG.005', 'Layanan Pemeliharaan Situ', 26, 2025),
('FC', 7695, 'CDG', 'FC.7695.CDG.006', 'Layanan Pemeliharaan Sungai', 26, 2025),
('FC', 7695, 'CDG', 'FC.7695.CDG.007', 'Prasarana Irigasi Melalui Padat Karya', 26, 2025),
('FC', 7695, 'CDG', 'FC.7695.CDG.008', 'Layanan Penetapan Sempadan Sungai', 26, 2025),
('FC', 7695, 'CDG', 'FC.7695.CDG.009', 'Layanan Penetapan Sempadan Danau', 26, 2025),
('FC', 7695, 'CDG', 'FC.7695.CDG.010', 'Layanan Operasi dan Pemeliharaan Prasarana Air Baku', 26, 2025),
('FC', 7695, 'CDG', 'FC.7695.CDG.011', 'Layanan Operasi dan Pemeliharaan Sumur Air Tanah untuk Air Baku', 26, 2025),
('FC', 7695, 'CDG', 'FC.7695.CDG.012', 'Layanan Penetapan Sempadan Bendungan', 26, 2025),
('FC', 7695, 'CDG', 'FC.7695.CDG.013', 'Layanan Penetapan Sempadan Embung', 26, 2025),
('FC', 7695, 'CDG', 'FC.7695.CDG.014', 'Layanan Penetapan Sempadan Situ', 26, 2025),
('FC', 7695, 'CDG', 'FC.7695.CDG.015', 'Layanan Operasi dan Pemeliharaan Sarana dan Prasarana IKN', 26, 2025),
('FC', 7695, 'CDG', 'FC.7695.CDG.016', 'Layanan Operasi dan Pemeliharaan Bendung Irigasi', 26, 2025),
('FC', 7695, 'CDG', 'FC.7695.CDG.017', 'Layanan Operasi dan Pemeliharaan Sumur JIAT', 26, 2025),
('FC', 7695, 'CDH', 'FC.7695.CDH.001', 'Layanan Operasi dan Pemeliharaan Prasarana Pengendali Lahar/Sedimen', 26, 2025),
('FC', 7695, 'CDH', 'FC.7695.CDH.002', 'Layanan Operasi dan Pemeliharaan Prasarana Pengendali Banjir', 26, 2025),
('FC', 7695, 'CDR', 'FC.7695.CDR.001', 'Layanan Operasi dan Pemeliharaan Prasarana Jaringan Irigasi', 12, 2025),
('FC', 7695, 'CDR', 'FC.7695.CDR.002', 'Layanan Operasi dan Pemeliharaan Prasarana Pengendali Banjir', 12, 2025),
('FC', 7695, 'CDR', 'FC.7695.CDR.003', 'Layanan Pemeliharaan Prasarana Pengaman Pantai', 12, 2025),
('FC', 7695, 'CDR', 'FC.7695.CDR.004', 'Citarum Harum', 12, 2025),
('FC', 7695, 'CDR', 'FC.7695.CDR.005', 'Layanan Operasi dan Pemeliharaan Prasarana Air Baku', 12, 2025),
('FC', 7695, 'CDR', 'FC.7695.CDR.006', 'Layanan Operasi dan Pemeliharaan Prasarana JIAT', 12, 2025),
('FC', 7695, 'EBD', 'FC.7695.EBD.952', 'Layanan Perencanaan dan Penganggaran', 28, 2025),
('FC', 7695, 'EBD', 'FC.7695.EBD.953', 'Layanan Pemantauan dan Evaluasi', 28, 2025),
('FC', 7695, 'EBD', 'FC.7695.EBD.961', 'Layanan Reformasi Kinerja', 28, 2025),
('FC', 7695, 'EBD', 'FC.7695.EBD.975', 'Layanan Manajemen Kinerja', 28, 2025),
('FC', 7755, 'EBA', 'FC.7755.EBA.956', 'Layanan BMN', 30, 2025),
('FC', 7755, 'EBA', 'FC.7755.EBA.957', 'Layanan Hukum', 30, 2025),
('FC', 7755, 'EBA', 'FC.7755.EBA.958', 'Layanan Hubungan Masyarakat dan Informasi', 30, 2025),
('FC', 7755, 'EBA', 'FC.7755.EBA.960', 'Layanan Organisasi dan Tata Kelola Internal', 30, 2025),
('FC', 7755, 'EBA', 'FC.7755.EBA.962', 'Layanan Umum', 30, 2025),
('FC', 7755, 'EBA', 'FC.7755.EBA.994', 'Layanan Perkantoran', 30, 2025),
('FC', 7755, 'EBB', 'FC.7755.EBB.951', 'Layanan Sarana Internal', 26, 2025),
('FC', 7755, 'EBB', 'FC.7755.EBB.971', 'Layanan Prasarana Internal', 26, 2025),
('FC', 7755, 'EBC', 'FC.7755.EBC.954', 'Layanan Manajemen SDM', 30, 2025),
('FC', 7755, 'EBD', 'FC.7755.EBD.955', 'Layanan Manajemen Keuangan', 28, 2025),
('GA', 7696, 'CBC', 'GA.7696.CBC.001', 'Pembangunan Jalan', 12, 2025),
('GA', 7696, 'CBC', 'GA.7696.CBC.002', 'Pelebaran Jalan Menambah Lajur', 12, 2025),
('GA', 7696, 'CBC', 'GA.7696.CBC.003', 'Peningkatan Keselamatan Jalan', 12, 2025),
('GA', 7696, 'CBC', 'GA.7696.CBC.004', 'Dukungan Penanganan Jalan Daerah', 12, 2025),
('GA', 7696, 'CBC', 'GA.7696.CBC.005', 'Penanganan Bencana dan Longsoran', 12, 2025),
('GA', 7696, 'CBC', 'GA.7696.CBC.006', 'Pemeliharaan Rutin Jalan Baru', 12, 2025),
('GA', 7696, 'CBC', 'GA.7696.CBC.007', 'Peningkatan Jalan Baru', 12, 2025),
('GA', 7696, 'CBC', 'GA.7696.CBC.022', 'Penanganan Blackspot', 12, 2025),
('GA', 7696, 'CBF', 'GA.7696.CBF.001', 'Pembangunan Jembatan', 15, 2025),
('GA', 7696, 'CBF', 'GA.7696.CBF.002', 'Pembangunan Flyover/Underpass/Terowongan (Perkotaan)', 15, 2025),
('GA', 7696, 'CBF', 'GA.7696.CBF.003', 'Pembangunan Flyover/Underpass Sebidang Dengan Kereta Api', 15, 2025),
('GA', 7696, 'CBF', 'GA.7696.CBF.004', 'Dukungan Penanganan Jembatan Daerah', 15, 2025),
('GA', 7696, 'CBF', 'GA.7696.CBF.005', 'Penanganan Bencana dan Longsoran', 15, 2025),
('GA', 7696, 'CBF', 'GA.7696.CBF.006', 'Pemeliharaan Rutin Jembatan di Jalan Baru', 15, 2025),
('GA', 7696, 'CBR', 'GA.7696.CBR.001', 'Layanan Penyiapan dan Pengendalian Pelaksanaan', 28, 2025),
('GA', 7696, 'CBR', 'GA.7696.CBR.002', 'Layanan Perencanaan dan Pengawasan Teknik', 28, 2025),
('GA', 7696, 'CBR', 'GA.7696.CBR.003', 'Layanan Perencanaan dan Pengawasan Teknik (Jalan Daerah)', 28, 2025),
('GA', 7696, 'CDC', 'GA.7696.CDC.001', 'Preservasi Pemeliharaan Rutin jalan', 12, 2025),
('GA', 7696, 'CDC', 'GA.7696.CDC.002', 'Preservasi Rekonstruksi, Rehabilitasi Jalan', 12, 2025),
('GA', 7696, 'CDC', 'GA.7696.CDC.003', 'Pelebaran Jalan Menuju Standar', 12, 2025),
('GA', 7696, 'CDC', 'GA.7696.CDC.004', 'Penanganan Drainase dan Trotoar', 12, 2025),
('GA', 7696, 'CDC', 'GA.7696.CDC.012', 'Preservasi Pemeliharaan Rutin jalan [Padat Karya]', 12, 2025),
('GA', 7696, 'CDC', 'GA.7696.CDC.015', 'Penanganan Drainase dan Trotoar [Padat Karya]', 12, 2025),
('GA', 7696, 'CDC', 'GA.7696.CDC.022', 'Peningkatan Keselamatan Jalan', 12, 2025),
('GA', 7696, 'CDC', 'GA.7696.CDC.023', 'Dukungan Penanganan Jalan Daerah', 12, 2025),
('GA', 7696, 'CDC', 'GA.7696.CDC.025', 'Penataan Kawasan Sekitar Jalan', 12, 2025),
('GA', 7696, 'CDF', 'GA.7696.CDF.001', 'Preservasi Rutin Jembatan', 15, 2025),
('GA', 7696, 'CDF', 'GA.7696.CDF.002', 'Preservasi Jembatan', 15, 2025),
('GA', 7696, 'CDF', 'GA.7696.CDF.003', 'Penggantian Jembatan', 15, 2025),
('GA', 7696, 'CDF', 'GA.7696.CDF.005', 'Pemeliharaan Rutin Jembatan Khusus', 15, 2025),
('GA', 7696, 'CDF', 'GA.7696.CDF.006', 'Preservasi Jembatan Khusus', 15, 2025),
('GA', 7696, 'CDF', 'GA.7696.CDF.007', 'Penanganan Bencana dan Longsoran', 15, 2025),
('GA', 7696, 'CDF', 'GA.7696.CDF.010', 'Preservasi Rutin Jembatan [Padat Karya]', 15, 2025),
('GA', 7696, 'CDF', 'GA.7696.CDF.022', 'Peningkatan Keselamatan Jembatan', 15, 2025),
('GA', 7696, 'CDF', 'GA.7696.CDF.024', 'Dukungan Penanganan Jembatan Daerah', 15, 2025),
('GA', 7696, 'CDF', 'GA.7696.CDF.025', 'Penataan Kawasan Sekitar Jembatan', 15, 2025),
('GA', 7696, 'RBC', 'GA.7696.RBC.001', 'Pembangunan Jalan Bebas Hambatan', 12, 2025),
('GA', 7696, 'RBC', 'GA.7696.RBC.002', 'Pembangunan Jalan Trans Papua Merauke-Sorong', 12, 2025),
('GA', 7696, 'RBC', 'GA.7696.RBC.003', 'Pembangunan Jalan Koridor Logistik (Backbone)', 12, 2025),
('GA', 7696, 'RBC', 'GA.7696.RBC.004', 'Dukungan Kawasan Prioritas', 12, 2025),
('GA', 7696, 'RBC', 'GA.7696.RBC.005', 'Pembangunan Jalan Akses Simpul Transportasi Utama dan Hinterland (Kawasan)', 12, 2025),
('GA', 7696, 'RBC', 'GA.7696.RBC.006', 'Pembangunan Jalan Daerah Tertinggal dan Perbatasan', 12, 2025),
('GA', 7696, 'RBC', 'GA.7696.RBC.007', 'Pembangunan Jalan Mendukung Kawasan Sentra Pangan/Food Estate Kalimantan Tengah', 12, 2025),
('GA', 7696, 'RBC', 'GA.7696.RBC.008', 'Pembangunan Jalan Mendukung Kawasan Sentra Pangan/Food Estate Sumatera Utara', 12, 2025),
('GA', 7696, 'RBC', 'GA.7696.RBC.009', 'Pembangunan Jalan Mendukung Kawasan Sentra Pangan/Food Estate Sumatera Selatan', 12, 2025),
('GA', 7696, 'RBC', 'GA.7696.RBC.010', 'Pembangunan Jalan Mendukung Kawasan Sentra Pangan/Food Estate Nusa Tenggara Timur', 12, 2025),
('GA', 7696, 'RBC', 'GA.7696.RBC.011', 'Pembangunan Jalan Mendukung Kawasan Sentra Pangan/Food Estate Papua', 12, 2025),
('GA', 7696, 'RBC', 'GA.7696.RBC.012', 'Pembangunan Jalan Mendukung Kawasan Sentra Pangan/Food Estate Papua Selatan', 12, 2025),
('GA', 7696, 'RBC', 'GA.7696.RBC.013', 'Pembangunan Jalan Mendukung Kawasan Strategis Pariwisata Nasional Lombok-Gili-Tramena', 12, 2025),
('GA', 7696, 'RBC', 'GA.7696.RBC.014', 'Pembangunan Jalan Mendukung Kawasan Strategis Pariwisata Nasional Manado-Likupang', 12, 2025),
('GA', 7696, 'RBC', 'GA.7696.RBC.015', 'Pembangunan Jalan Mendukung Kawasan Strategis Pariwisata Nasional Labuan Bajo', 12, 2025),
('GA', 7696, 'RBC', 'GA.7696.RBC.016', 'Pembangunan Jalan Mendukung Kawasan Strategis Pariwisata Nasional Danau Toba', 12, 2025),
('GA', 7696, 'RBC', 'GA.7696.RBC.017', 'Pembangunan Jalan Mendukung Kawasan Strategis Pariwisata Nasional Raja Ampat', 12, 2025),
('GA', 7696, 'RBC', 'GA.7696.RBC.018', 'Pembangunan Jalan Mendukung Kawasan Strategis Pariwisata Nasional Bangka Belitung', 12, 2025),
('GA', 7696, 'RBC', 'GA.7696.RBC.019', 'Pembangunan Jalan Mendukung Kawasan Strategis Pariwisata Nasional Borobudur dan Sekitarnya', 12, 2025),
('GA', 7696, 'RBC', 'GA.7696.RBC.020', 'Pembangunan Jalan Mendukung Kawasan Strategis Pariwisata Nasional Bromo Tengger Semeru', 12, 2025),
('GA', 7696, 'RBC', 'GA.7696.RBC.021', 'Pembangunan Jalan Mendukung Kawasan Strategis Pariwisata Nasional Morotai', 12, 2025),
('GA', 7696, 'RBC', 'GA.7696.RBC.022', 'Pembangunan Jalan Mendukung Kawasan Strategis Pariwisata Nasional Wakatobi', 12, 2025),
('GA', 7696, 'RBC', 'GA.7696.RBC.023', 'Pembangunan Jalan Mendukung Destinasi Regeneratif Bali', 12, 2025),
('GA', 7696, 'RBC', 'GA.7696.RBC.024', 'Pembangunan Jalan Perkotaan', 12, 2025),
('GA', 7696, 'RBC', 'GA.7696.RBC.027', 'Dukungan Infrastruktur IKN (Pembangunan)', 12, 2025),
('GA', 7696, 'RBC', 'GA.7696.RBC.028', 'Pembangunan Jalan Perbatasan dan Akses Kawasan PLBN', 12, 2025),
('GA', 7696, 'RBC', 'GA.7696.RBC.029', 'Pembangunan Jalan Dukungan Kawasan Industri Prioritas', 12, 2025),
('GA', 7696, 'RBC', 'GA.7696.RBC.030', 'Pembangunan Jalan Mendukung Kawasan Industri Bintan Inti Industrial Estate', 12, 2025),
('GA', 7696, 'RBC', 'GA.7696.RBC.031', 'Pembangunan Jalan Mendukung Kawasan Krakatau Industrial Estate Cilegon', 12, 2025),
('GA', 7696, 'RBC', 'GA.7696.RBC.032', 'Pembangunan Jalan Mendukung Kawasan Industri Wilmar', 12, 2025),
('GA', 7696, 'RBC', 'GA.7696.RBC.033', 'Pembangunan Jalan Mendukung Kawasan Industri Batang', 12, 2025),
('GA', 7696, 'RBC', 'GA.7696.RBC.034', '	Pembangunan Jalan Mendukung Kawasan Industri Seafer', 12, 2025),
('GA', 7696, 'RBC', 'GA.7696.RBC.035', 'Pembangunan Jalan Mendukung Kawasan Industri Sentra Lamongan', 12, 2025),
('GA', 7696, 'RBC', 'GA.7696.RBC.036', '	Pembangunan Jalan Mendukung Kawasan Industri Ngawi', 12, 2025),
('GA', 7696, 'RBC', 'GA.7696.RBC.037', 'Pembangunan Jalan Mendukung Kawasan Industri Ketapang', 12, 2025),
('GA', 7696, 'RBC', 'GA.7696.RBC.038', '	Pembangunan Jalan Mendukung Kawasan Industri Kalimantan Industrial Park Indonesia', 12, 2025),
('GA', 7696, 'RBC', 'GA.7696.RBC.039', 'Pembangunan Jalan Mendukung Kawasan Industri IPIP Pomalaa', 12, 2025),
('GA', 7696, 'RBC', 'GA.7696.RBC.040', 'Pembangunan Jalan Mendukung Kawasan Industri VDNIP Konawe', 12, 2025),
('GA', 7696, 'RBC', 'GA.7696.RBC.041', 'Pembangunan Jalan Mendukung Kawasan Industri Stardust Estate Indonesia', 12, 2025),
('GA', 7696, 'RBC', 'GA.7696.RBC.042', 'Pembangunan Jalan Mendukung Kawasan Industri IHIP Huabao', 12, 2025),
('GA', 7696, 'RBC', 'GA.7696.RBC.043', 'Pembangunan Jalan Mendukung Kawasan Industri IMIP Morowali', 12, 2025),
('GA', 7696, 'RBC', 'GA.7696.RBC.044', 'Pembangunan Jalan Mendukung Kawasan Industri Sumbawa Barat', 12, 2025),
('GA', 7696, 'RBC', 'GA.7696.RBC.045', 'Pembangunan Jalan Mendukung Kawasan Industri Pulau Obi', 12, 2025),
('GA', 7696, 'RBC', 'GA.7696.RBC.046', 'Pembangunan Jalan Mendukung Kawasan Industri IWIP Teluk Weda', 12, 2025),
('GA', 7696, 'RBC', 'GA.7696.RBC.047', 'Pembangunan Jalan Mendukung Kawasan Industri Buli', 12, 2025),
('GA', 7696, 'RBC', 'GA.7696.RBC.048', 'Pembangunan Jalan Mendukung Kawasan Industri Fak-Fak', 12, 2025),
('GA', 7696, 'RBC', 'GA.7696.RBC.049', 'Pembangunan Jalan Mendukung Kawasan Ekonomi Khusus Arun Lhokseumawe', 12, 2025),
('GA', 7696, 'RBC', 'GA.7696.RBC.050', 'Pembangunan Jalan Mendukung Kawasan Ekonomi Khusus Sei Mangkei', 12, 2025),
('GA', 7696, 'RBC', 'GA.7696.RBC.051', 'Pembangunan Jalan Mendukung Kawasan Ekonomi Khusus Galang Batang', 12, 2025),
('GA', 7696, 'RBC', 'GA.7696.RBC.052', 'Pembangunan Jalan Mendukung Kawasan Ekonomi Khusus Kendal', 12, 2025),
('GA', 7696, 'RBC', 'GA.7696.RBC.053', '	Pembangunan Jalan Mendukung Kawasan Ekonomi Khusus JIIPE Gresik', 12, 2025),
('GA', 7696, 'RBC', 'GA.7696.RBC.054', 'Dukungan Penanganan Jalan Daerah', 12, 2025),
('GA', 7696, 'RBC', 'GA.7696.RBC.055', 'Pembangunan Jalan Akses Simpul Transportasi', 12, 2025),
('GA', 7696, 'RBF', 'GA.7696.RBF.001', 'Pembangunan Jembatan Trans Papua Merauke-Sorong', 15, 2025),
('GA', 7696, 'RBF', 'GA.7696.RBF.002', 'Pembangunan Jembatan Koridor Logistik (Backbone)', 15, 2025),
('GA', 7696, 'RBF', 'GA.7696.RBF.003', 'Dukungan Kawasan Prioritas', 15, 2025),
('GA', 7696, 'RBF', 'GA.7696.RBF.004', 'Pembangunan Jembatan Akses Simpul Transportasi Utama dan Hinterland (Kawasan)', 15, 2025),
('GA', 7696, 'RBF', 'GA.7696.RBF.005', 'Pembangunan Jembatan Daerah Tertinggal dan Perbatasan', 15, 2025),
('GA', 7696, 'RBF', 'GA.7696.RBF.006', 'Pembangunan Jembatan Mendukung Kawasan Sentra Pangan/Food Estate Kalimantan Tengah', 15, 2025),
('GA', 7696, 'RBF', 'GA.7696.RBF.007', 'Pembangunan Jembatan Mendukung Kawasan Sentra Pangan/Food Estate Sumatera Utara', 15, 2025),
('GA', 7696, 'RBF', 'GA.7696.RBF.008', 'Pembangunan Jembatan Mendukung Kawasan Sentra Pangan/Food Estate Sumatera Selatan', 15, 2025),
('GA', 7696, 'RBF', 'GA.7696.RBF.009', 'Pembangunan Jembatan Mendukung Kawasan Sentra Pangan/Food Estate Nusa Tenggara Timur', 15, 2025),
('GA', 7696, 'RBF', 'GA.7696.RBF.010', 'Pembangunan Jembatan Mendukung Kawasan Sentra Pangan/Food Estate Papua', 15, 2025),
('GA', 7696, 'RBF', 'GA.7696.RBF.011', 'Pembangunan Jembatan Mendukung Kawasan Sentra Pangan/Food Estate Papua Selatan', 15, 2025),
('GA', 7696, 'RBF', 'GA.7696.RBF.012', 'Pembangunan Jembatan Mendukung Kawasan Strategis Pariwisata Nasional Lombok-Gili-Tramena', 15, 2025),
('GA', 7696, 'RBF', 'GA.7696.RBF.013', 'Pembangunan Jembatan Mendukung Kawasan Strategis Pariwisata Nasional Manado-Likupang', 15, 2025),
('GA', 7696, 'RBF', 'GA.7696.RBF.014', 'Pembangunan Jembatan Mendukung Kawasan Strategis Pariwisata Nasional Labuan Bajo', 15, 2025),
('GA', 7696, 'RBF', 'GA.7696.RBF.015', 'embangunan Jembatan Mendukung Kawasan Strategis Pariwisata Nasional Danau Toba', 15, 2025),
('GA', 7696, 'RBF', 'GA.7696.RBF.016', 'Pembangunan Jembatan Mendukung Kawasan Strategis Pariwisata Nasional Raja Ampat', 15, 2025),
('GA', 7696, 'RBF', 'GA.7696.RBF.017', 'Pembangunan Jembatan Mendukung Kawasan Strategis Pariwisata Nasional Bangka Belitung', 15, 2025),
('GA', 7696, 'RBF', 'GA.7696.RBF.018', 'Pembangunan Jembatan Mendukung Kawasan Strategis Pariwisata Nasional Borobudur dan Sekitarnya', 15, 2025),
('GA', 7696, 'RBF', 'GA.7696.RBF.019', 'Pembangunan Jembatan Mendukung Kawasan Strategis Pariwisata Nasional Bromo Tengger Semeru', 15, 2025),
('GA', 7696, 'RBF', 'GA.7696.RBF.020', '	Pembangunan Jembatan Mendukung Kawasan Strategis Pariwisata Nasional Morotai', 15, 2025),
('GA', 7696, 'RBF', 'GA.7696.RBF.021', 'Pembangunan Jembatan Mendukung Kawasan Strategis Pariwisata Nasional Wakatobi', 15, 2025),
('GA', 7696, 'RBF', 'GA.7696.RBF.022', 'Pembangunan Jembatan Mendukung Destinasi Regeneratif Bali', 15, 2025),
('GA', 7696, 'RBF', 'GA.7696.RBF.025', '	Dukungan Infrastruktur IKN (Pembangunan)', 15, 2025),
('GA', 7696, 'RBF', 'GA.7696.RBF.026', '	Pembangunan Jembatan Perkotaan', 15, 2025),
('GA', 7696, 'RBF', 'GA.7696.RBF.027', '	Pembangunan Jembatan Gantung', 15, 2025),
('GA', 7696, 'RBF', 'GA.7696.RBF.028', 'Dukungan Penanganan Jembatan Daerah', 15, 2025),
('GA', 7696, 'RBF', 'GA.7696.RBF.030', 'Pembangunan Jembatan Mendukung Kawasan Industri Bintan Inti Industrial Estate', 15, 2025),
('GA', 7696, 'RBF', 'GA.7696.RBF.031', 'Pembangunan Jembatan Mendukung Kawasan Krakatau Industrial Estate Cilegon', 15, 2025),
('GA', 7696, 'RBF', 'GA.7696.RBF.032', 'Pembangunan Jembatan Mendukung Kawasan Industri Wilmar', 15, 2025),
('GA', 7696, 'RBF', 'GA.7696.RBF.033', 'Pembangunan Jembatan Mendukung Kawasan Industri Batang', 15, 2025),
('GA', 7696, 'RBF', 'GA.7696.RBF.034', '	Pembangunan Jembatan Mendukung Kawasan Industri Seafer', 15, 2025),
('GA', 7696, 'RBF', 'GA.7696.RBF.035', 'Pembangunan Jembatan Mendukung Kawasan Industri Sentra Lamongan', 15, 2025),
('GA', 7696, 'RBF', 'GA.7696.RBF.036', '	Pembangunan Jembatan Mendukung Kawasan Industri Ngawi', 15, 2025),
('GA', 7696, 'RBF', 'GA.7696.RBF.037', 'Pembangunan Jembatan Mendukung Kawasan Industri Ketapang', 15, 2025),
('GA', 7696, 'RBF', 'GA.7696.RBF.038', '	Pembangunan Jembatan Mendukung Kawasan Industri Kalimantan Industrial Park Indonesia', 15, 2025),
('GA', 7696, 'RBF', 'GA.7696.RBF.039', 'Pembangunan Jembatan Mendukung Kawasan Industri IPIP Pomalaa', 15, 2025),
('GA', 7696, 'RBF', 'GA.7696.RBF.040', 'Pembangunan Jembatan Mendukung Kawasan Industri VDNIP Konawe', 15, 2025),
('GA', 7696, 'RBF', 'GA.7696.RBF.041', 'Pembangunan Jembatan Mendukung Kawasan Industri Stardust Estate Indonesia', 15, 2025),
('GA', 7696, 'RBF', 'GA.7696.RBF.042', 'Pembangunan Jembatan Mendukung Kawasan Industri IHIP Huabao', 15, 2025),
('GA', 7696, 'RBF', 'GA.7696.RBF.043', 'Pembangunan Jembatan Mendukung Kawasan Industri IMIP Morowali', 15, 2025),
('GA', 7696, 'RBF', 'GA.7696.RBF.044', 'Pembangunan Jembatan Mendukung Kawasan Industri Sumbawa Barat', 15, 2025),
('GA', 7696, 'RBF', 'GA.7696.RBF.045', 'Pembangunan Jembatan Mendukung Kawasan Industri Pulau Obi', 15, 2025),
('GA', 7696, 'RBF', 'GA.7696.RBF.046', 'Pembangunan Jembatan Mendukung Kawasan Industri IWIP Teluk Weda', 15, 2025),
('GA', 7696, 'RBF', 'GA.7696.RBF.047', 'Pembangunan Jembatan Mendukung Kawasan Industri Buli', 15, 2025),
('GA', 7696, 'RBF', 'GA.7696.RBF.048', 'Pembangunan Jembatan Mendukung Kawasan Industri Fak-Fak', 15, 2025),
('GA', 7696, 'RBF', 'GA.7696.RBF.049', 'Pembangunan Jembatan Mendukung Kawasan Ekonomi Khusus Arun Lhokseumawe', 15, 2025),
('GA', 7696, 'RBF', 'GA.7696.RBF.050', 'Pembangunan Jembatan Mendukung Kawasan Ekonomi Khusus Sei Mangkei', 15, 2025),
('GA', 7696, 'RBF', 'GA.7696.RBF.051', 'Pembangunan Jembatan Mendukung Kawasan Ekonomi Khusus Galang Batang', 15, 2025),
('GA', 7696, 'RBF', 'GA.7696.RBF.052', 'Pembangunan Jembatan Mendukung Kawasan Ekonomi Khusus Kendal', 15, 2025),
('GA', 7696, 'RBF', 'GA.7696.RBF.053', '	Pembangunan Jembatan Mendukung Kawasan Ekonomi Khusus JIIPE Gresik', 15, 2025),
('GA', 7696, 'RBF', 'GA.7696.RBF.055', 'Pembangunan Jembatan Akses Simpul Transportasi', 15, 2025),
('GA', 7696, 'RBR', 'GA.7696.RBR.001', 'Layanan Penyiapan dan Pengendalian Pelaksanaan', 28, 2025),
('GA', 7696, 'RBR', 'GA.7696.RBR.002', 'Layanan Perencanaan dan Pengawasan Teknik', 28, 2025),
('GA', 7696, 'RBR', 'GA.7696.RBR.003', 'Pembiayaan Kerjasama Pemerintah Badan Usaha (KPBU - AP) Jalintim Sumsel', 28, 2025),
('GA', 7696, 'RBR', 'GA.7696.RBR.004', 'Pembiayaan Kerjasama Pemerintah Badan Usaha (KPBU - AP) Jalintim Riau', 28, 2025),
('GA', 7696, 'RBR', 'GA.7696.RBR.005', 'Proyek Jalan Tol Trans Sumatera Ruas Betung - Tempino - Jambi dengan Skema PBBL', 28, 2025),
('GA', 7696, 'RBR', 'GA.7696.RBR.006', 'Pembiayaan Kerjasama Pemerintah Badan Usaha (KPBU - AP) Penggantian dan/atau Duplikasi Jembatan CH di Pulau Jawa', 28, 2025),
('GA', 7696, 'RBR', 'GA.7696.RBR.026', 'Layanan Penyiapan dan Pengendalian Pelaksanaan (IKN)', 28, 2025),
('GA', 7696, 'RBR', 'GA.7696.RBR.027', 'Layanan Perencanaan dan Pengawasan Teknik (IKN)', 28, 2025),
('GA', 7696, 'RBR', 'GA.7696.RBR.028', 'Layanan Perencanaan dan Pengawasan Teknik (Jalan Daerah)', 28, 2025),
('GA', 7696, 'RDC', 'GA.7696.RDC.001', 'Preservasi Pemeliharaan Rutin jalan', 12, 2025),
('GA', 7696, 'RDC', 'GA.7696.RDC.002', 'Preservasi Jalan Trans Papua Merauke-Sorong', 12, 2025),
('GA', 7696, 'RDC', 'GA.7696.RDC.003', '	Preservasi Jalan Koridor Logistik (Backbone)', 12, 2025),
('GA', 7696, 'RDC', 'GA.7696.RDC.004', 'Preservasi Jalan Dukungan Kawasan Prioritas', 12, 2025),
('GA', 7696, 'RDC', 'GA.7696.RDC.005', 'Preservasi Jalan Akses Simpul Transportasi Utama dan Hinterland (Kawasan)', 12, 2025),
('GA', 7696, 'RDC', 'GA.7696.RDC.006', 'Preservasi Jalan Daerah Tertinggal dan Perbatasan', 12, 2025),
('GA', 7696, 'RDC', 'GA.7696.RDC.007', 'Preservasi Jalan Mendukung Kawasan Sentra Pangan/Food Estate Kalimantan Tengah', 12, 2025),
('GA', 7696, 'RDC', 'GA.7696.RDC.008', 'Preservasi Jalan Mendukung Kawasan Sentra Pangan/Food Estate Sumatera Utara', 12, 2025),
('GA', 7696, 'RDC', 'GA.7696.RDC.009', 'Preservasi Jalan Mendukung Kawasan Sentra Pangan/Food Estate Sumatera Selatan', 12, 2025),
('GA', 7696, 'RDC', 'GA.7696.RDC.010', 'Preservasi Jalan Mendukung Kawasan Sentra Pangan/Food Estate Nusa Tenggara Timur', 12, 2025),
('GA', 7696, 'RDC', 'GA.7696.RDC.011', 'Preservasi Jalan Mendukung Kawasan Sentra Pangan/Food Estate Papua', 12, 2025),
('GA', 7696, 'RDC', 'GA.7696.RDC.012', 'Preservasi Jalan Mendukung Kawasan Sentra Pangan/Food Estate Papua Selatan', 12, 2025),
('GA', 7696, 'RDC', 'GA.7696.RDC.013', 'Preservasi Jalan Mendukung Kawasan Strategis Pariwisata Nasional Lombok-Gili-Tramena', 12, 2025),
('GA', 7696, 'RDC', 'GA.7696.RDC.014', 'Preservasi Jalan Mendukung Kawasan Strategis Pariwisata Nasional Manado-Likupang', 12, 2025),
('GA', 7696, 'RDC', 'GA.7696.RDC.015', 'Preservasi Jalan Mendukung Kawasan Strategis Pariwisata Nasional Labuan Bajo', 12, 2025),
('GA', 7696, 'RDC', 'GA.7696.RDC.016', 'Preservasi Jalan Mendukung Kawasan Strategis Pariwisata Nasional Danau Toba', 12, 2025),
('GA', 7696, 'RDC', 'GA.7696.RDC.017', 'Preservasi Jalan Mendukung Kawasan Strategis Pariwisata Nasional Raja Ampat', 12, 2025),
('GA', 7696, 'RDC', 'GA.7696.RDC.018', 'Preservasi Jalan Mendukung Kawasan Strategis Pariwisata Nasional Bangka Belitung', 12, 2025),
('GA', 7696, 'RDC', 'GA.7696.RDC.019', 'Preservasi Jalan Mendukung Kawasan Strategis Pariwisata Nasional Borobudur dan Sekitarnya', 12, 2025),
('GA', 7696, 'RDC', 'GA.7696.RDC.020', 'Preservasi Jalan Mendukung Kawasan Strategis Pariwisata Nasional Bromo Tengger Semeru', 12, 2025),
('GA', 7696, 'RDC', 'GA.7696.RDC.021', 'Preservasi Jalan Mendukung Kawasan Strategis Pariwisata Nasional Morotai', 12, 2025),
('GA', 7696, 'RDC', 'GA.7696.RDC.022', 'Preservasi Jalan Mendukung Kawasan Strategis Pariwisata Nasional Wakatobi', 12, 2025),
('GA', 7696, 'RDC', 'GA.7696.RDC.023', 'Preservasi Jalan Mendukung Destinasi Regeneratif Bali', 12, 2025),
('GA', 7696, 'RDC', 'GA.7696.RDC.024', 'Preservasi Jalan Mendukung Destinasi Regeneratif Kepulauan Riau', 12, 2025),
('GA', 7696, 'RDC', 'GA.7696.RDC.025', 'Preservasi Jalan Mendukung Destinasi Regeneratif DKI Jakarta', 12, 2025),
('GA', 7696, 'RDC', 'GA.7696.RDC.026', 'Dukungan Infrastruktur IKN (Preservasi)', 12, 2025),
('GA', 7696, 'RDC', 'GA.7696.RDC.029', 'Preservasi Jalan Perkotaan', 12, 2025),
('GA', 7696, 'RDC', 'GA.7696.RDC.030', 'Preservasi Jalan Mendukung Kawasan Industri Bintan Inti Industrial Estate', 12, 2025),
('GA', 7696, 'RDC', 'GA.7696.RDC.031', 'Preservasi Jalan Mendukung Kawasan Krakatu Industrial Estate Cilegon', 12, 2025),
('GA', 7696, 'RDC', 'GA.7696.RDC.032', 'Preservasi Jalan Mendukung Kawasan Industri Wilmar', 12, 2025),
('GA', 7696, 'RDC', 'GA.7696.RDC.033', 'Preservasi Jalan Mendukung Kawasan Industri Batang', 12, 2025),
('GA', 7696, 'RDC', 'GA.7696.RDC.034', '	Preservasi Jalan Mendukung Kawasan Industri Seafer', 12, 2025),
('GA', 7696, 'RDC', 'GA.7696.RDC.035', 'Preservasi Jalan Mendukung Kawasan Industri Sentra Lamongan', 12, 2025),
('GA', 7696, 'RDC', 'GA.7696.RDC.036', '	Preservasi Jalan Mendukung Kawasan Industri Ngawi', 12, 2025),
('GA', 7696, 'RDC', 'GA.7696.RDC.037', 'Preservasi Jalan Mendukung Kawasan Industri Ketapang', 12, 2025),
('GA', 7696, 'RDC', 'GA.7696.RDC.038', '	Preservasi Jalan Mendukung Kawasan Industri Kalimantan Industrial Park Indonesia', 12, 2025),
('GA', 7696, 'RDC', 'GA.7696.RDC.039', 'Preservasi Jalan Mendukung Kawasan Industri IPIP Pomalaa', 12, 2025),
('GA', 7696, 'RDC', 'GA.7696.RDC.040', 'Preservasi Jalan Mendukung Kawasan Industri VDNIP Konawe', 12, 2025),
('GA', 7696, 'RDC', 'GA.7696.RDC.041', 'Preservasi Jalan Mendukung Kawasan Industri Stardust Estate Indonesia', 12, 2025),
('GA', 7696, 'RDC', 'GA.7696.RDC.042', 'Preservasi Jalan Mendukung Kawasan Industri IHIP Huabao', 12, 2025),
('GA', 7696, 'RDC', 'GA.7696.RDC.043', 'Preservasi Jalan Mendukung Kawasan Industri IMIP Morowali', 12, 2025),
('GA', 7696, 'RDC', 'GA.7696.RDC.044', 'Preservasi Jalan Mendukung Kawasan Industri Sumbawa Barat', 12, 2025),
('GA', 7696, 'RDC', 'GA.7696.RDC.045', 'Preservasi Jalan Mendukung Kawasan Industri Pulau Obi', 12, 2025),
('GA', 7696, 'RDC', 'GA.7696.RDC.046', 'Preservasi Jalan Mendukung Kawasan Industri IWIP Teluk Weda', 12, 2025),
('GA', 7696, 'RDC', 'GA.7696.RDC.047', 'Preservasi Jalan Mendukung Kawasan Industri Buli', 12, 2025),
('GA', 7696, 'RDC', 'GA.7696.RDC.048', 'Preservasi Jalan Mendukung Kawasan Industri Fak-Fak', 12, 2025),
('GA', 7696, 'RDC', 'GA.7696.RDC.049', 'Preservasi Jalan Mendukung Kawasan Ekonomi Khusus Arun Lhokseumawe', 12, 2025),
('GA', 7696, 'RDC', 'GA.7696.RDC.050', 'Preservasi Jalan Mendukung Kawasan Ekonomi Khusus Sei Mangkei', 12, 2025),
('GA', 7696, 'RDC', 'GA.7696.RDC.051', 'Preservasi Jalan Mendukung Kawasan Ekonomi Khusus Galang Batang', 12, 2025),
('GA', 7696, 'RDC', 'GA.7696.RDC.052', 'Preservasi Jalan Mendukung Kawasan Ekonomi Khusus Kendal', 12, 2025),
('GA', 7696, 'RDC', 'GA.7696.RDC.053', '	Preservasi Jalan Mendukung Kawasan Ekonomi Khusus JIIPE Gresik', 12, 2025),
('GA', 7696, 'RDC', 'GA.7696.RDC.055', 'Preservasi Jalan Akses Simpul Transportasi', 12, 2025),
('GA', 7696, 'RDC', 'GA.7696.RDC.062', 'Dukungan Penanganan Jalan Daerah', 12, 2025),
('GA', 7696, 'RDF', 'GA.7696.RDF.002', 'Preservasi Jembatan Trans Papua Merauke-Sorong', 15, 2025),
('GA', 7696, 'RDF', 'GA.7696.RDF.003', '	Preservasi Jembatan Koridor Logistik (Backbone)', 15, 2025),
('GA', 7696, 'RDF', 'GA.7696.RDF.004', 'Preservasi Jembatan Dukungan Kawasan Prioritas', 15, 2025),
('GA', 7696, 'RDF', 'GA.7696.RDF.005', 'Preservasi Jembatan Akses Simpul Transportasi Utama dan Hinterland (Kawasan)', 15, 2025),
('GA', 7696, 'RDF', 'GA.7696.RDF.006', 'Preservasi Jembatan Daerah Tertinggal dan Perbatasan', 15, 2025),
('GA', 7696, 'RDF', 'GA.7696.RDF.007', 'Preservasi Jembatan Mendukung Kawasan Sentra Pangan/Food Estate Kalimantan Tengah', 15, 2025),
('GA', 7696, 'RDF', 'GA.7696.RDF.008', 'Preservasi Jembatan Mendukung Kawasan Sentra Pangan/Food Estate Sumatera Utara', 15, 2025),
('GA', 7696, 'RDF', 'GA.7696.RDF.009', 'Preservasi Jembatan Mendukung Kawasan Sentra Pangan/Food Estate Sumatera Selatan', 15, 2025),
('GA', 7696, 'RDF', 'GA.7696.RDF.010', 'Preservasi Jembatan Mendukung Kawasan Sentra Pangan/Food Estate Nusa Tenggara Timur', 15, 2025),
('GA', 7696, 'RDF', 'GA.7696.RDF.012', 'Preservasi Jembatan di Jalan Perkotaan', 15, 2025),
('GA', 7696, 'RDF', 'GA.7696.RDF.013', 'Preservasi Jembatan Mendukung Kawasan Strategis Pariwisata Nasional Lombok-Gili-Tramena', 15, 2025),
('GA', 7696, 'RDF', 'GA.7696.RDF.014', 'Preservasi Jembatan Mendukung Kawasan Strategis Pariwisata Nasional Manado-Likupang', 15, 2025),
('GA', 7696, 'RDF', 'GA.7696.RDF.015', 'Preservasi Jembatan Mendukung Kawasan Strategis Pariwisata Nasional Labuan Bajo', 15, 2025),
('GA', 7696, 'RDF', 'GA.7696.RDF.016', 'Preservasi Jembatan Mendukung Kawasan Strategis Pariwisata Nasional Danau Toba', 15, 2025),
('GA', 7696, 'RDF', 'GA.7696.RDF.017', 'Preservasi Jembatan Mendukung Kawasan Strategis Pariwisata Nasional Raja Ampat', 15, 2025),
('GA', 7696, 'RDF', 'GA.7696.RDF.018', 'Preservasi Jembatan Mendukung Kawasan Strategis Pariwisata Nasional Bangka Belitung', 15, 2025),
('GA', 7696, 'RDF', 'GA.7696.RDF.019', 'Dukungan Infrastruktur IKN (Preservasi)', 15, 2025),
('GA', 7696, 'RDF', 'GA.7696.RDF.023', 'Preservasi Jembatan Mendukung Kawasan Sentra Pangan/Food Estate Papua Selatan', 15, 2025),
('GA', 7696, 'RDF', 'GA.7696.RDF.024', 'Preservasi Jembatan Mendukung Kawasan Strategis Pariwisata Nasional Borobudur dan Sekitarnya	', 15, 2025),
('GA', 7696, 'RDF', 'GA.7696.RDF.025', 'Preservasi Jembatan Mendukung Kawasan Strategis Pariwisata Nasional Bromo Tengger Semeru', 15, 2025),
('GA', 7696, 'RDF', 'GA.7696.RDF.026', 'Preservasi Jembatan Mendukung Kawasan Strategis Pariwisata Nasional Morotai', 15, 2025),
('GA', 7696, 'RDF', 'GA.7696.RDF.027', 'Preservasi Jembatan Mendukung Kawasan Strategis Pariwisata Nasional Wakatobi', 15, 2025),
('GA', 7696, 'RDF', 'GA.7696.RDF.028', 'Preservasi Jembatan Mendukung Destinasi Regeneratif Bali', 15, 2025),
('GA', 7696, 'RDF', 'GA.7696.RDF.029', 'Preservasi Jembatan Mendukung Destinasi Regeneratif Kepulauan Riau', 15, 2025),
('GA', 7696, 'RDF', 'GA.7696.RDF.030', 'Preservasi Jembatan Mendukung Kawasan Industri Bintan Inti Industrial Estate', 15, 2025),
('GA', 7696, 'RDF', 'GA.7696.RDF.031', 'Preservasi Jembatan Mendukung Kawasan Krakatu Industrial Estate Cilegon', 15, 2025),
('GA', 7696, 'RDF', 'GA.7696.RDF.032', 'Preservasi Jembatan Mendukung Kawasan Industri Wilmar', 15, 2025),
('GA', 7696, 'RDF', 'GA.7696.RDF.033', 'Preservasi Jembatan Mendukung Kawasan Industri Batang', 15, 2025),
('GA', 7696, 'RDF', 'GA.7696.RDF.034', '	Preservasi Jembatan Mendukung Kawasan Industri Seafer', 15, 2025),
('GA', 7696, 'RDF', 'GA.7696.RDF.035', 'Preservasi Jembatan Mendukung Kawasan Industri Sentra Lamongan', 15, 2025),
('GA', 7696, 'RDF', 'GA.7696.RDF.036', '	Preservasi Jembatan Mendukung Kawasan Industri Ngawi', 15, 2025),
('GA', 7696, 'RDF', 'GA.7696.RDF.037', 'Preservasi Jembatan Mendukung Kawasan Industri Ketapang', 15, 2025);
INSERT INTO `m_ro` (`kdprogram`, `kdgiat`, `kdkro`, `kdro`, `nmro`, `kdsatuan`, `tahun`) VALUES
('GA', 7696, 'RDF', 'GA.7696.RDF.038', '	Preservasi Jembatan Mendukung Kawasan Industri Kalimantan Industrial Park Indonesia', 15, 2025),
('GA', 7696, 'RDF', 'GA.7696.RDF.039', 'Preservasi Jembatan Mendukung Kawasan Industri IPIP Pomalaa', 15, 2025),
('GA', 7696, 'RDF', 'GA.7696.RDF.040', 'Preservasi Jembatan Mendukung Kawasan Industri VDNIP Konawe', 15, 2025),
('GA', 7696, 'RDF', 'GA.7696.RDF.041', 'Preservasi Jembatan Mendukung Kawasan Industri Stardust Estate Indonesia', 15, 2025),
('GA', 7696, 'RDF', 'GA.7696.RDF.042', 'Preservasi Jembatan Mendukung Kawasan Industri IHIP Huabao', 15, 2025),
('GA', 7696, 'RDF', 'GA.7696.RDF.043', 'Preservasi Jembatan Mendukung Kawasan Industri IMIP Morowali', 15, 2025),
('GA', 7696, 'RDF', 'GA.7696.RDF.044', 'Preservasi Jembatan Mendukung Kawasan Industri Sumbawa Barat', 15, 2025),
('GA', 7696, 'RDF', 'GA.7696.RDF.045', 'Preservasi Jembatan Mendukung Kawasan Industri Pulau Obi', 15, 2025),
('GA', 7696, 'RDF', 'GA.7696.RDF.046', 'Preservasi Jembatan Mendukung Kawasan Industri IWIP Teluk Weda', 15, 2025),
('GA', 7696, 'RDF', 'GA.7696.RDF.047', 'Preservasi Jembatan Mendukung Kawasan Industri Buli', 15, 2025),
('GA', 7696, 'RDF', 'GA.7696.RDF.048', 'Preservasi Jembatan Mendukung Kawasan Industri Fak-Fak', 15, 2025),
('GA', 7696, 'RDF', 'GA.7696.RDF.049', 'Preservasi Jembatan Mendukung Kawasan Ekonomi Khusus Arun Lhokseumawe', 15, 2025),
('GA', 7696, 'RDF', 'GA.7696.RDF.050', 'Preservasi Jembatan Mendukung Kawasan Ekonomi Khusus Sei Mangkei', 15, 2025),
('GA', 7696, 'RDF', 'GA.7696.RDF.051', 'Preservasi Jembatan Mendukung Kawasan Ekonomi Khusus Galang Batang', 15, 2025),
('GA', 7696, 'RDF', 'GA.7696.RDF.052', 'Preservasi Jembatan Mendukung Kawasan Ekonomi Khusus Kendal', 15, 2025),
('GA', 7696, 'RDF', 'GA.7696.RDF.053', '	Preservasi Jembatan Mendukung Kawasan Ekonomi Khusus JIIPE Gresik', 15, 2025),
('GA', 7696, 'RDF', 'GA.7696.RDF.054', 'Preservasi Jembatan Mendukung Destinasi Regeneratif DKI Jakarta', 15, 2025),
('GA', 7696, 'RDF', 'GA.7696.RDF.055', 'Preservasi Jembatan Akses Simpul Transportasi', 15, 2025),
('GA', 7696, 'RDF', 'GA.7696.RDF.056', 'Preservasi Jembatan Mendukung Kawasan Sentra Pangan/Food Estate Papua', 15, 2025),
('GA', 7696, 'RDF', 'GA.7696.RDF.057', 'Dukungan Penanganan Jembatan Daerah', 15, 2025),
('GA', 7697, 'ABF', 'GA.7697.ABF.010', 'Pengaturan, Pengusahaan, Pengawasan Jalan Tol', 29, 2025),
('GA', 7698, 'ABF', 'GA.7698.ABF.001', 'Layanan Keteknikan Bidang Jalan dan Jembatan', 29, 2025),
('GA', 7698, 'ABF', 'GA.7698.ABF.002', 'Layanan Pengadaan Tanah', 29, 2025),
('GA', 7698, 'ABF', 'GA.7698.ABF.003', 'Pembinaan Teknik Penyelenggaraan Jalan Bebas Hambatan', 29, 2025),
('GA', 7698, 'ABF', 'GA.7698.ABF.004', 'Pengaturan dan Pembinaan Preservasi Jalan dan Jembatan', 29, 2025),
('GA', 7698, 'ABF', 'GA.7698.ABF.005', 'Pengaturan dan Pembinaan Pembangunan Jalan', 29, 2025),
('GA', 7698, 'ABF', 'GA.7698.ABF.006', 'Pengaturan dan Pembinaan Pembangunan Jembatan', 29, 2025),
('GA', 7698, 'ABF', 'GA.7698.ABF.007', 'Pembinaan Teknik Bidang Jalan dan Jembatan', 29, 2025),
('GA', 7698, 'ABF', 'GA.7698.ABF.009', 'Pengaturan dan Pembinaan Sistem dan Strategi Penyelenggaraan Jalan dan Jembatan', 29, 2025),
('GA', 7698, 'ABF', 'GA.7698.ABF.011', 'Pengaturan dan Pembinaan Kepatuhan Internal', 29, 2025),
('GA', 7698, 'BEE', 'GA.7698.BEE.008', 'Fasilitasi Penanggulangan Darurat Akibat Bencana', 29, 2025),
('GA', 7756, 'EBA', 'GA.7756.EBA.956', 'Layanan BMN', 30, 2025),
('GA', 7756, 'EBA', 'GA.7756.EBA.957', 'Layanan Hukum', 30, 2025),
('GA', 7756, 'EBA', 'GA.7756.EBA.960', 'Layanan Organisasi dan Tata Kelola Internal', 30, 2025),
('GA', 7756, 'EBA', 'GA.7756.EBA.962', 'Layanan Umum', 30, 2025),
('GA', 7756, 'EBA', 'GA.7756.EBA.994', 'Layanan Perkantoran', 30, 2025),
('GA', 7756, 'EBB', 'GA.7756.EBB.951', 'Layanan Sarana Internal', 30, 2025),
('GA', 7756, 'EBB', 'GA.7756.EBB.971', 'Layanan Prasarana Internal', 30, 2025),
('IA', 7714, 'RBB', 'IA.7714.RBB.001', 'Pembangunan SPAM', 13, 2025),
('IA', 7714, 'RBB', 'IA.7714.RBB.002', 'Peningkatan SPAM', 13, 2025),
('IA', 7714, 'RBB', 'IA.7714.RBB.003', 'Perluasan SPAM', 22, 2025),
('IA', 7714, 'RBB', 'IA.7714.RBB.004', 'Perluasan SPAM IKN', 22, 2025),
('IA', 7714, 'RBB', 'IA.7714.RBB.005', 'SPAM Berbasis Masyarakat', 22, 2025),
('IA', 7714, 'RBB', 'IA.7714.RBB.006', 'Optimalisasi dan Rehabilitasi SPAM', 26, 2025),
('IA', 7714, 'RBB', 'IA.7714.RBB.007', 'Perluasan SPAM untuk Penanganan Stunting/Kemiskinan Ekstrem', 22, 2025),
('IA', 7714, 'UBA', 'IA.7714.UBA.001', 'Pembinaan dan Pengawasan Penyelenggaraan SPAM', 33, 2025),
('IA', 7715, 'CBB', 'IA.7715.CBB.001', 'Pembangunan Sistem Pengelolaan Drainase Lingkungan Permukiman', 1, 2025),
('IA', 7715, 'FBA', 'IA.7715.FBA.001', 'Pengendalian dan Pengawasan Penyelenggaraan Sanitasi', 33, 2025),
('IA', 7715, 'FBA', 'IA.7715.FBA.002', 'Pengembangan Sistem Informasi Bidang Sanitasi', 28, 2025),
('IA', 7715, 'PFA', 'IA.7715.PFA.001', 'Penyusunan Peraturan dan NSPK Air Limbah Domestik', 36, 2025),
('IA', 7715, 'PFA', 'IA.7715.PFA.002', 'Penyusunan Peraturan dan NSPK Teknis Persampahan', 36, 2025),
('IA', 7715, 'RBB', 'IA.7715.RBB.001', 'Pembangunan Sistem Pengelolaan Air Limbah Domestik Terpusat Skala Regional/Kota/Permukiman/Kawasan Tertentu ', 1, 2025),
('IA', 7715, 'RBB', 'IA.7715.RBB.002', 'Pembangunan Sistem Pengelolaan Air Limbah Domestik Setempat Skala Kota', 1, 2025),
('IA', 7715, 'RBB', 'IA.7715.RBB.003', 'Pembangunan  Sistem Pengelolaan Air Limbah Domestik Setempat Skala Individu/Komunal', 1, 2025),
('IA', 7715, 'RBB', 'IA.7715.RBB.004', 'Pembangunan Sistem Pengelolaan Air Limbah Domestik Terpusat IKN', 1, 2025),
('IA', 7715, 'RBB', 'IA.7715.RBB.005', 'Optimalisasi dan Rehabilitasi Sistem Pengelolaan Air Limbah Domestik Setempat', 26, 2025),
('IA', 7715, 'RBB', 'IA.7715.RBB.006', 'Optimalisasi dan Rehabilitasi Sistem Pengelolaan Air Limbah Domestik Terpusat', 26, 2025),
('IA', 7715, 'RBB', 'IA.7715.RBB.007', 'Pembangunan Sistem Pengelolaan Air Limbah Domestik Khusus', 26, 2025),
('IA', 7715, 'RBB', 'IA.7715.RBB.008', 'Pembangunan Sistem Pengelolaan Persampahan Skala Regional/Kota/Kawasan', 35, 2025),
('IA', 7715, 'RBB', 'IA.7715.RBB.009', 'Pembangunan Sistem Pengelolaan Persampahan Berbasis Masyarakat', 35, 2025),
('IA', 7715, 'RBB', 'IA.7715.RBB.010', 'Pembangunan Sistem Pengelolaan Persampahan IKN', 35, 2025),
('IA', 7715, 'RBB', 'IA.7715.RBB.011', 'Pengembangan Sistem Pengelolaan Persampahan dengan Metode Landfill Mining', 26, 2025),
('IA', 7715, 'RBB', 'IA.7715.RBB.012', 'Optimalisasi dan Rehabilitasi Sistem Pengelolaan Persampahan Skala Regional/Kota/Kawasan', 26, 2025),
('IA', 7715, 'RBB', 'IA.7715.RBB.013', 'Optimalisasi dan Rehabilitasi Tempat Pemrosesan Akhir Sampah', 26, 2025),
('IA', 7715, 'UBA', 'IA.7715.UBA.001', 'Pendampingan Penyusunan dan Implementasi Dokumen Perencanaan Daerah Bidang Air Limbah Domestik', 33, 2025),
('IA', 7715, 'UBA', 'IA.7715.UBA.002', 'Pendampingan Penguatan Kapasitas Kelembagaan dan Pengaturan Pengelolaan Air Limbah Domestik', 33, 2025),
('IA', 7715, 'UBA', 'IA.7715.UBA.003', 'Penguatan Kapasitas Daerah dalam Manajemen Layanan SPALD dan Pengelolaan Layanan Lumpur Tinja Terjadwal (LLTT)', 33, 2025),
('IA', 7715, 'UBA', 'IA.7715.UBA.004', 'Pendampingan Penyusunan dan Implementasi Dokumen Perencanaan Daerah Bidang Persampahan', 33, 2025),
('IA', 7715, 'UBA', 'IA.7715.UBA.005', 'Pendampingan Penguatan Kapasitas Kelembagaan dan Pengaturan Pengelolaan Persampahan', 33, 2025),
('IA', 7716, 'ABF', 'IA.7716.ABF.001', 'Advis Teknis Keandalan dalam Penyelenggaraan Bangunan Gedung dan Prasarana Penyehatan Lingkungan', 38, 2025),
('IA', 7716, 'ABF', 'IA.7716.ABF.101', 'Penyelenggaraan Pembinaan dan Pengembangan Kepatuhan Intern dan Manajemen Risiko Direktorat Jenderal Cipta Karya', 38, 2025),
('IA', 7716, 'AEE', 'IA.7716.AEE.001', 'Kemitraan, Diseminasi, serta Habitat Permukiman dan Perumahan', 28, 2025),
('IA', 7716, 'AFA', 'IA.7716.AFA.001', 'Penyusunan NSPK Bidang Bangunan Gedung dan Penyehatan Lingkungan', 36, 2025),
('IA', 7716, 'BAH', 'IA.7716.BAH.001', 'Kliring, Pengkajian, serta Pengembangan Teknologi dan Peralatan Bangunan Gedung dan Infrastruktur Penyehatan Lingkungan', 30, 2025),
('IA', 7716, 'BAH', 'IA.7716.BAH.002', 'Pengelolaan laboratorium serta Studio Bangunan Gedung dan Infrastruktur Penyehatan Lingkungan', 28, 2025),
('IA', 7716, 'BHC', 'IA.7716.BHC.001', 'Infrastruktur Tanggap Darurat', 28, 2025),
('IA', 7716, 'BMA', 'IA.7716.BMA.001', 'Penyediaan Data dan Informasi serta Pengelolaan Teknologi dan Informasi Komunikasi BGPL', 28, 2025),
('IA', 7716, 'DCB', 'IA.7716.DCB.001', 'Pembinaan dan Pengelolaan Jafung Permukiman', 8, 2025),
('IA', 7716, 'DCB', 'IA.7716.DCB.002', 'Bimbingan Teknik Bidang Bangunan Gedung dan Penyehatan Lingkungan', 8, 2025),
('IA', 7716, 'FAD', 'IA.7716.FAD.001', 'Perencanaan Pembangunan Infrastruktur Cipta Karya', 28, 2025),
('IA', 7716, 'FAD', 'IA.7716.FAD.002', 'Program dan Anggaran Pembangunan Infrastruktur Cipta Karya', 28, 2025),
('IA', 7716, 'FAD', 'IA.7716.FAD.003', 'Perencanaan dan Penganggaran Bidang Penyelenggaraan Infrastruktur Cipta Karya', 28, 2025),
('IA', 7716, 'FAD', 'IA.7716.FAD.004', 'Pengelolaan Pinjaman dan Hibah Luar Negeri Pembangunan Infrastruktur Cipta Karya', 28, 2025),
('IA', 7716, 'FAE', 'IA.7716.FAE.001', 'Pengendalian Pelaksanaan, Kinerja Program dan Koordinasi Pengadaan Tanah Pembangunan Infrastruktur Cipta Karya', 28, 2025),
('IA', 7716, 'FAE', 'IA.7716.FAE.101', 'Penyelenggaraan Pengendalian Kepatuhan Intern dan Manajemen Risiko Direktorat Jenderal Cipta Karya', 28, 2025),
('IA', 7716, 'FAE', 'IA.7716.FAE.102', 'Penyelenggaraan Pemantauan Kepatuhan Intern dan Manajemen Risiko Direktorat Jenderal Cipta Karya', 28, 2025),
('IA', 7716, 'QAH', 'IA.7716.QAH.001', 'Fasilitasi Pengembangan dan Piloting Teknologi SPAM', 27, 2025),
('IA', 7716, 'QAH', 'IA.7716.QAH.002', 'Fasilitasi Pengembangan dan Piloting Teknologi SPALD yang Aman', 27, 2025),
('IA', 7716, 'SCB', 'IA.7716.SCB.001', 'Pembinaan Teknis Bidang Air Minum', 8, 2025),
('IA', 7716, 'SCB', 'IA.7716.SCB.002', 'Pembinaan Teknis Bidang Sanitasi', 8, 2025),
('IA', 7716, 'UBA', 'IA.7716.UBA.001', 'Fasilitasi dan pembinaan penyelenggaraan bangunan gedung hijau', 33, 2025),
('IA', 7772, 'ABF', 'IA.7772.ABF.001', 'Penyusunan Rencana Pembangunan Infrastruktur Kawasan Strategis', 28, 2025),
('IA', 7772, 'BAH', 'IA.7772.BAH.101', 'Pelayanan Pengelolaan Rumah Negara Golongan III', 26, 2025),
('IA', 7772, 'BAH', 'IA.7772.BAH.102', 'Pelayanan Pemberian Konsultasi Penyelenggaraan Bangunan Gedung Umum', 30, 2025),
('IA', 7772, 'BAH', 'IA.7772.BAH.103', 'Pelayanan Bantuan Teknis Penyelenggaraan Bangunan Gedung Negara', 30, 2025),
('IA', 7772, 'CBB', 'IA.7772.CBB.001', 'Pengembangan Kawasan Strategis Nasional dan Tertentu', 7, 2025),
('IA', 7772, 'CBB', 'IA.7772.CBB.002', 'Pengembangan Kawasan Mendukung Prioritas Nasional', 7, 2025),
('IA', 7772, 'CBB', 'IA.7772.CBB.101', 'Pembangunan dan Rehabilitasi Bangunan Gedung Negara', 34, 2025),
('IA', 7772, 'CBB', 'IA.7772.CBB.102', 'Pembangunan dan Rehabilitasi Bangunan Gedung Umum', 34, 2025),
('IA', 7772, 'FBA', 'IA.7772.FBA.001', 'Pembinaan dan Pengawasan Penyelenggaraan Kawasan Strategis', 33, 2025),
('IA', 7772, 'FBA', 'IA.7772.FBA.101', 'Pembinaan Penyelenggara Bangunan Gedung Negara ', 21, 2025),
('IA', 7772, 'FBA', 'IA.7772.FBA.102', 'Pengawasan dan Pendampingan Penyelenggaraan Bangunan Gedung Umum', 33, 2025),
('IA', 7772, 'FBA', 'IA.7772.FBA.103', 'Peningkatan Kapasitas Koordinator Pengelola Teknis dan Pengelola Teknis', 21, 2025),
('IA', 7772, 'FBA', 'IA.7772.FBA.104', 'Pembinaan dan Pengawasan Pengelolaan Rumah Negara', 21, 2025),
('IA', 7772, 'RBB', 'IA.7772.RBB.001', 'Pengembangan Kawasan Perkotaan Wilayah Metropolitan', 7, 2025),
('IA', 7772, 'RBB', 'IA.7772.RBB.002', 'Pengembangan Kawasan Perkotaan Non-Wilayah Metropolitan', 7, 2025),
('IA', 7772, 'RBB', 'IA.7772.RBB.003', 'Pengembangan Kawasan Destinasi Pariwisata Prioritas Danau Toba', 7, 2025),
('IA', 7772, 'RBB', 'IA.7772.RBB.004', 'Pengembangan Kawasan Destinasi Pariwisata Prioritas Borobudur - Yogyakarta - Prambanan', 7, 2025),
('IA', 7772, 'RBB', 'IA.7772.RBB.005', 'Pengembangan Kawasan Destinasi Pariwisata Prioritas Lombok - Gili Tramena', 7, 2025),
('IA', 7772, 'RBB', 'IA.7772.RBB.006', 'Pengembangan Kawasan Destinasi Pariwisata Prioritas Labuan Bajo', 7, 2025),
('IA', 7772, 'RBB', 'IA.7772.RBB.007', 'Pengembangan Kawasan Destinasi Pariwisata Prioritas Bangka Belitung', 7, 2025),
('IA', 7772, 'RBB', 'IA.7772.RBB.008', 'Pengembangan Kawasan Destinasi Pariwisata Prioritas Raja Ampat', 7, 2025),
('IA', 7772, 'RBB', 'IA.7772.RBB.009', 'Pengembangan Kawasan Destinasi Regeneratif Kepulauan Riau', 7, 2025),
('IA', 7772, 'RBB', 'IA.7772.RBB.010', 'Pengembangan Kawasan Destinasi Regeneratif Greater Jakarta', 7, 2025),
('IA', 7772, 'RBB', 'IA.7772.RBB.011', 'Pengembangan Kawasan Destinasi Regeneratif Bali', 7, 2025),
('IA', 7772, 'RBB', 'IA.7772.RBB.012', 'Pengembangan Kawasan Mendukung Kawasan Ekonomi Khusus Sei Mangkei', 7, 2025),
('IA', 7772, 'RBB', 'IA.7772.RBB.013', 'Pengembangan Kawasan Mendukung Kawasan Industri Terpadu Batang', 7, 2025),
('IA', 7772, 'RBB', 'IA.7772.RBB.014', 'Pengembangan Kawasan Mendukung Kawasan Industri Weda Bay', 7, 2025),
('IA', 7772, 'RBB', 'IA.7772.RBB.015', 'Pengembangan Kawasan Mendukung Kawasan Industri Morowali', 7, 2025),
('IA', 7772, 'RBB', 'IA.7772.RBB.016', 'Pengembangan Kawasan Mendukung Kawasan Industri Konawe', 7, 2025),
('IA', 7772, 'RBB', 'IA.7772.RBB.017', 'Pembangunan Infrastruktur Kawasan Berbasis Masyarakat', 7, 2025),
('IA', 7772, 'RBB', 'IA.7772.RBB.018', 'Penanganan Kemiskinan Ekstrem', 7, 2025),
('IA', 7772, 'UBA', 'IA.7772.UBA.101', 'Pembinaan Penyelenggara Bangunan Gedung Umum ', 21, 2025);

--
-- Indexes for dumped tables
--

--
-- Indexes for table `m_kegiatan`
--
ALTER TABLE `m_kegiatan`
  ADD PRIMARY KEY (`kdgiat`),
  ADD KEY `FK_KegiatanProgram` (`kdprogram`);

--
-- Indexes for table `m_kro`
--
ALTER TABLE `m_kro`
  ADD PRIMARY KEY (`kdkro`);

--
-- Indexes for table `m_program`
--
ALTER TABLE `m_program`
  ADD PRIMARY KEY (`kdprogram`),
  ADD KEY `m_program_m_unor_fk` (`id_unor`);

--
-- Indexes for table `m_ro`
--
ALTER TABLE `m_ro`
  ADD PRIMARY KEY (`kdro`);

--
-- Constraints for dumped tables
--

--
-- Constraints for table `m_kegiatan`
--
ALTER TABLE `m_kegiatan`
  ADD CONSTRAINT `FK_KegiatanProgram` FOREIGN KEY (`kdprogram`) REFERENCES `m_program` (`kdprogram`);

--
-- Constraints for table `m_program`
--
ALTER TABLE `m_program`
  ADD CONSTRAINT `m_program_m_unor_fk` FOREIGN KEY (`id_unor`) REFERENCES `m_unor` (`id`);
COMMIT;

/*!40101 SET CHARACTER_SET_CLIENT=@OLD_CHARACTER_SET_CLIENT */;
/*!40101 SET CHARACTER_SET_RESULTS=@OLD_CHARACTER_SET_RESULTS */;
/*!40101 SET COLLATION_CONNECTION=@OLD_COLLATION_CONNECTION */;
